0,1,0,0,0,0,0,0,0,0,0,-1,1,0,0,0,10,15,4,8,5,6,-1,-1,1,-1,0,-1,1,0,0,0,1,1,1,0,0,0,0,0,4,-2,0,-1,1,0,0,0,1,3,-1,1,18,-8,0,0,15,-10,0,-1,2,-2,-1,-1,1,1,0,0,1,0,0,0,0,0,-3,-8,1,0,-6,-8,1,1,1,2,1,1,-2,0,2,0,-10,-22,-5,-11,-14,-20,0,0,1,0,0,0,1,0,0,0,0,0,0,0,0,-1,-5,5,-13,10,2,0,-16,9,0,-1,-1,-2,1,0,0,-2
0,1,1,0,0,0,1,0,0,0,0,0,0,0,0,-1,9,14,4,9,3,6,-1,0,0,-1,-1,-2,1,0,0,-1,0,1,1,0,0,0,0,0,2,-3,0,-1,1,0,0,-1,0,4,-1,1,17,-8,0,0,15,-11,0,-2,4,-2,-1,-2,1,1,0,1,0,0,0,0,0,0,-4,-7,2,0,-4,-7,1,1,1,2,1,1,-2,-1,1,0,-11,-22,-5,-9,-12,-21,0,1,0,0,0,0,1,0,-1,0,0,-1,1,0,0,-1,-3,3,-16,7,2,0,-15,10,0,-1,-1,-2,1,0,-1,-2
0,1,0,0,0,-1,0,0,0,0,0,0,0,0,0,-1,11,13,5,9,3,5,-1,0,1,-1,0,-2,1,0,0,-1,1,1,0,0,0,0,1,0,4,-2,0,-1,1,0,0,-1,1,3,-1,1,17,-7,0,0,15,-10,-1,0,0,-2,-1,-2,1,1,0,0,0,0,0,0,0,0,-3,-8,2,0,-5,-8,1,1,1,1,2,1,-2,0,2,0,-10,-22,-6,-12,-15,-18,0,0,1,0,0,0,0,1,0,0,-1,0,0,0,-1,-1,-4,4,-16,7,2,0,-12,12,0,-1,-2,-2,1,0,0,-2
1,1,0,0,0,0,1,0,0,0,0,0,0,0,0,-1,11,14,4,8,5,6,-1,-1,1,-2,0,-2,1,0,-1,-1,0,1,0,0,1,0,1,0,4,-3,0,-1,1,0,-1,-1,2,2,-1,1,16,-8,0,0,15,-11,-1,-2,2,-2,-1,-2,1,1,0,0,0,0,0,0,0,0,-4,-8,2,0,-4,-8,1,1,1,2,2,1,-3,-2,2,0,-11,-22,-3,-11,-12,-20,2,1,1,0,0,-1,0,-1,0,0,-1,-1,0,1,0,0,-1,3,-14,9,2,0,-18,11,0,-1,-2,-3,1,0,0,-2
0,1,0,0,0,-1,0,0,0,0,0,-1,1,0,0,-1,9,15,5,10,7,9,-1,0,1,-2,-1,-1,1,-1,0,-1,0,1,0,0,1,0,0,0,3,-2,0,-1,1,0,0,-1,-1,1,0,0,13,-8,1,0,15,-10,-1,-1,2,-2,-1,-2,1,1,0,0,1,0,0,0,0,0,-3,-6,1,0,-4,-8,1,1,1,1,2,1,-1,1,2,0,-11,-21,-5,-11,-12,-20,0,1,0,0,0,0,-1,0,0,0,0,-1,0,0,0,-1,-3,4,-14,9,3,0,-19,11,0,-1,-2,-3,1,0,0,-2
0,1,0,0,0,0,1,0,0,0,0,-1,0,0,0,-1,10,15,3,8,7,10,-1,0,1,-1,-1,-2,1,0,0,-2,0,1,1,0,1,0,0,-1,2,-2,0,-1,1,0,0,-1,0,3,-1,1,14,-7,0,0,15,-10,-1,-1,8,-6,-1,-2,1,1,0,0,0,0,0,0,0,-1,-3,-7,1,0,-4,-6,1,1,1,1,1,0,-1,1,1,0,-10,-21,-5,-7,-14,-19,0,1,0,1,0,0,-4,3,0,0,-1,-1,0,0,0,-2,-2,3,-15,10,2,0,-18,13,0,-1,-3,-4,2,0,0,-3
1,1,0,0,0,0,1,0,0,0,-1,-1,0,0,0,-1,10,14,2,7,8,11,-1,-1,2,0,-1,-1,1,0,0,-2,0,1,0,0,1,0,0,-1,3,-3,0,-1,1,0,-1,-1,0,4,-1,1,15,-6,0,0,14,-10,-1,-1,8,-4,-1,-2,0,1,0,0,0,0,0,0,0,0,-3,-6,1,0,-4,-8,1,1,1,1,1,0,-1,1,2,0,-11,-21,-6,-11,-12,-20,0,1,0,0,0,0,-4,2,0,0,-1,-1,1,0,0,-2,-2,5,-15,10,3,0,-19,11,0,0,-3,-4,2,0,-1,-2
0,1,0,0,0,0,1,0,-1,0,0,-1,0,0,0,-1,11,14,4,10,8,12,-2,0,1,-1,-1,-1,1,-1,0,-2,1,1,0,0,1,0,0,0,3,-2,0,-1,1,0,-1,-1,1,2,-1,1,13,-7,0,0,14,-11,-1,-1,10,-7,-1,-2,0,1,0,1,1,0,0,0,0,-1,-2,-4,1,0,-4,-7,1,1,0,1,2,1,-2,1,2,0,-12,-20,-6,-12,-14,-20,0,1,0,0,0,0,-3,3,0,0,-1,-1,1,0,1,-1,-2,4,-15,9,2,0,-18,13,0,-1,-3,-4,2,-1,1,-2
0,1,0,0,0,0,1,0,0,0,0,0,0,0,1,0,12,13,3,8,8,13,-1,0,1,-2,-2,-1,1,-1,0,-1,0,1,0,0,1,0,0,0,2,-2,0,-1,1,0,1,-1,0,3,0,1,8,-7,0,0,13,-14,-1,-2,2,-2,0,-1,0,1,0,1,0,0,0,0,0,0,-2,-5,1,0,-4,-6,1,1,1,1,1,1,-2,1,1,0,-11,-21,-5,-9,-12,-20,1,1,0,0,0,0,-2,2,0,0,-1,-1,1,0,0,-2,-1,4,-15,9,2,0,-18,12,0,-1,-3,-1,2,-1,0,-2
1,2,0,0,0,0,1,0,0,0,0,-1,0,0,0,-1,13,14,3,6,7,10,-1,-1,2,0,-1,-2,1,0,0,-2,0,1,0,0,0,0,1,0,0,0,0,-1,1,0,0,-1,0,3,0,1,10,-7,0,0,14,-10,-1,-1,8,-6,-1,-2,0,1,0,0,1,0,0,-1,0,0,-1,-4,1,0,-3,-5,1,1,0,1,1,0,-2,1,1,0,-10,-22,-5,-10,-14,-18,1,1,0,1,0,0,-5,4,0,0,-1,-1,1,0,0,-1,0,3,-15,10,3,0,-19,12,0,-1,-3,-2,2,-1,0,-2
0,1,0,0,0,0,2,-1,0,0,0,-1,0,0,0,-1,10,14,2,5,6,7,0,-1,1,-2,0,-2,1,0,0,-2,1,1,0,1,1,0,2,-1,2,-1,0,-1,1,0,-1,-1,2,2,-1,1,12,-8,1,-1,14,-10,-1,-1,1,-2,-1,-2,0,1,0,1,1,0,1,-1,0,0,-4,-8,1,0,-5,-7,1,1,0,1,1,0,-1,1,1,0,-10,-22,-7,-8,-18,-16,0,1,0,1,0,0,-3,3,0,0,-1,-1,1,0,0,-1,-5,6,-16,9,3,0,-15,13,0,-1,-2,-2,1,-1,0,-2
0,1,0,0,0,0,1,-1,0,0,0,-1,0,0,0,0,11,14,2,6,8,7,-1,-1,1,-1,-1,-1,1,-1,0,-1,1,1,1,0,0,0,2,-1,0,-1,0,-1,1,0,0,0,0,3,-1,0,14,-7,0,-1,14,-10,-1,-1,3,-2,-1,-2,0,1,0,1,1,0,1,-1,0,-1,-3,-6,1,0,-4,-9,1,1,1,1,2,1,-1,2,1,-1,-11,-20,-7,-14,-12,-20,0,1,0,1,0,0,-4,0,0,0,-1,-1,1,0,0,-1,-4,6,-16,10,3,0,-20,10,0,0,-2,-3,2,0,0,-3
0,1,0,0,0,0,0,0,0,0,0,-1,0,0,0,-1,10,15,2,6,8,11,-1,-1,2,0,-1,-1,1,-1,0,-2,1,1,1,0,0,0,0,-1,1,0,0,-1,1,0,0,-1,0,4,-1,1,13,-5,0,0,15,-10,-2,-2,5,-2,-1,-2,0,1,1,0,1,0,0,0,0,0,-3,-5,2,0,-5,-9,1,1,0,1,1,1,-1,0,1,0,-6,-19,-9,-12,-13,-20,1,1,0,0,1,0,-6,4,0,0,0,-2,1,0,0,-2,-4,3,-16,9,3,0,-18,13,0,-1,-2,-3,2,-1,0,-3
1,1,0,0,0,0,1,0,0,0,0,-1,0,0,0,-1,11,14,1,5,8,13,-1,-1,1,-2,-1,-2,1,0,0,-2,1,1,0,0,0,0,1,-1,0,-1,0,0,1,0,0,-1,0,3,0,1,12,-6,0,0,14,-11,-2,-2,7,-4,-1,-2,1,1,0,0,1,0,1,0,0,-1,-2,-4,1,0,-4,-8,1,1,1,1,1,1,-1,2,1,0,-11,-20,-7,-4,-14,-19,1,0,0,1,1,0,-6,3,0,0,-1,-1,1,0,1,-1,-4,5,-15,10,3,0,-19,11,0,0,-3,-4,2,0,0,-2
2,2,0,0,1,0,1,0,0,0,-1,-1,0,0,0,-1,11,15,0,2,7,13,-1,-1,2,1,-1,-1,1,-1,0,-1,0,1,0,0,0,0,1,0,0,0,-1,0,1,0,0,-1,0,3,-1,1,12,-5,0,0,14,-10,-1,-1,9,-5,-1,-2,0,1,1,0,1,0,0,0,0,-1,-1,-2,2,0,-4,-8,1,2,0,1,2,1,-2,1,0,-3,-11,-19,-7,-16,-12,-21,0,1,0,1,0,0,-4,5,0,0,-1,-2,1,0,0,-1,-4,3,-16,9,2,0,-18,14,0,-1,-2,-3,2,0,0,-3
2,4,0,0,1,0,0,0,0,0,0,-1,0,0,0,-1,10,15,1,3,8,12,-1,-1,2,4,-1,-1,1,-1,0,-1,1,1,1,0,0,0,0,-1,0,0,0,-1,1,0,0,-1,0,3,0,0,10,-3,0,0,14,-10,-2,-2,11,-7,-1,-3,1,0,1,0,0,0,1,0,0,0,-1,-2,2,0,-2,-5,1,1,1,1,1,1,-1,1,1,-1,-9,-19,-7,-14,-13,-19,0,0,0,1,1,0,-7,4,0,0,0,-1,1,0,0,-2,-1,2,-16,10,2,1,-18,14,0,0,-7,2,2,-1,0,-3
2,2,0,0,1,0,0,0,0,0,0,-1,1,0,0,-1,8,16,2,4,10,14,-1,-1,3,2,-2,-2,0,-1,0,-2,0,1,0,0,0,0,1,-1,-1,0,0,-1,1,0,-1,-1,0,3,-1,1,8,-4,0,0,13,-11,-1,-1,13,-8,-1,-3,1,1,0,0,1,0,1,-1,0,0,-1,-1,2,0,-2,-4,1,1,1,1,2,1,-1,1,1,-1,-9,-18,-6,-14,-11,-20,0,1,1,1,1,0,-4,3,0,0,-1,-1,1,0,0,-1,2,2,-16,8,2,0,-17,15,0,0,-5,0,2,0,0,-2
2,1,0,0,0,0,0,0,0,0,0,-1,0,0,0,-1,11,15,1,2,6,14,0,-1,3,3,-2,-2,0,-1,-1,-2,1,1,0,0,0,0,1,0,0,0,0,0,0,0,0,-1,0,2,0,0,5,-3,0,0,14,-10,-1,-1,13,-7,-1,-3,1,1,1,0,0,0,1,-1,0,0,0,-1,1,0,-1,-2,1,1,0,1,1,1,-1,1,2,0,-10,-18,-6,-13,-11,-20,1,1,0,1,0,0,-4,4,0,0,-1,-2,1,0,0,-2,2,3,-15,8,2,1,-18,14,0,-1,-9,3,2,-1,0,-3
4,7,0,1,1,0,1,0,0,-1,-1,-1,1,0,0,-1,11,16,0,6,8,14,-1,-1,4,6,-2,-2,0,-1,0,-2,0,1,1,0,0,0,1,-1,0,0,0,-1,0,0,0,-1,0,2,0,0,3,-2,0,0,13,-11,-2,-1,14,-8,0,-3,1,1,1,0,0,0,1,-1,0,0,0,-1,1,0,-1,-1,1,1,1,1,0,1,-1,0,1,0,-9,-18,-5,-11,-12,-18,1,1,0,1,0,0,-6,4,0,0,-1,-2,1,0,0,-2,2,2,-8,4,2,1,-19,13,0,0,-6,3,2,0,0,-3
3,7,-1,0,1,0,0,0,0,-1,0,-1,1,0,0,-1,10,17,0,1,10,15,-1,-1,1,1,0,-1,0,-1,-1,-1,1,1,1,0,0,0,0,-1,0,0,0,0,1,0,0,-1,0,3,0,0,6,-2,0,0,13,-11,-1,-1,12,-6,2,-1,1,1,1,0,0,0,1,-1,0,0,0,0,1,0,-1,-2,1,1,1,1,1,1,-1,0,1,0,-9,-17,-4,-8,-12,-19,1,1,1,1,1,0,-7,3,0,-1,-1,0,1,0,0,-2,2,2,-2,2,2,0,-19,12,0,0,-8,4,2,0,0,-3
3,6,0,0,1,0,0,-1,0,-1,0,-1,0,0,0,-1,11,16,5,12,9,16,-2,-1,4,3,0,-2,0,-1,0,-2,0,1,1,0,0,0,0,-1,0,-1,1,0,1,0,0,-1,0,2,0,1,3,-1,0,0,12,-12,-1,-1,14,-8,4,-3,1,1,1,0,0,-1,0,-1,0,0,1,0,1,0,1,0,1,1,0,1,1,0,-1,0,1,0,-9,-17,-3,-9,-11,-19,1,1,0,0,0,0,-6,3,0,-1,-1,-2,1,0,0,-2,1,2,-1,1,1,0,-18,13,0,0,-7,3,2,-1,0,-3
6,10,-1,0,1,0,0,-1,0,-1,0,-1,1,0,0,-1,12,16,7,18,11,14,-4,-1,4,3,-2,-1,0,-2,0,-2,0,0,1,0,0,0,1,-1,0,-1,0,-1,1,0,0,-1,0,3,0,1,8,-2,0,0,15,-10,-1,0,15,-10,6,-6,0,1,1,0,0,0,1,-1,0,0,1,-1,1,0,1,0,1,1,0,1,1,1,-1,0,0,0,-9,-16,-2,-7,-11,-19,0,0,1,1,1,0,-6,3,0,-1,-1,-1,1,0,0,-2,1,2,-3,2,2,1,-19,11,0,0,-7,3,1,-1,0,-3
4,8,0,1,1,0,0,0,0,-1,-1,-1,0,0,0,-1,11,16,9,16,9,15,-3,-1,3,4,-2,-1,0,-1,0,-2,1,0,1,1,0,0,0,-1,0,0,-1,-1,1,0,0,-1,0,2,0,1,3,1,0,0,14,-9,-1,-1,18,-10,4,-3,0,1,0,0,0,0,0,-1,0,0,0,0,1,0,1,0,1,1,1,1,1,0,-1,0,0,0,-9,-16,-1,-4,-11,-18,0,0,0,1,0,0,-3,2,0,0,-1,-1,1,0,0,-1,1,2,-4,4,1,1,-19,11,0,0,-6,3,2,-1,0,-2
6,10,0,1,2,0,0,-1,0,-1,0,-1,1,0,0,-1,11,17,7,15,12,15,-1,0,2,-2,-2,-1,1,-1,0,-2,1,1,0,0,0,0,1,-1,0,-1,0,0,3,-1,0,-1,1,2,0,1,5,0,0,-1,15,-9,-1,0,19,-10,7,-7,1,1,1,0,0,0,1,-1,0,0,0,-1,1,0,1,0,1,1,1,1,1,0,0,0,0,0,-10,-15,-1,-3,-10,-16,0,1,1,1,0,0,-2,1,0,0,0,-1,1,0,0,-1,1,2,-1,4,1,0,-18,11,0,-1,-9,4,2,-1,0,-2
1,1,0,1,0,0,0,-1,0,0,0,-1,0,0,0,-1,11,15,7,12,6,9,-2,0,1,-2,-2,-2,1,0,0,-2,1,1,1,1,1,1,0,0,4,-3,0,-1,1,0,0,-1,1,2,0,1,14,-7,1,0,15,-10,-1,-1,17,-9,-2,-3,1,1,1,0,0,0,0,0,0,0,-3,-5,1,0,-1,-3,1,1,1,2,1,0,-1,-2,0,0,-12,-20,2,-1,-12,-19,0,0,0,0,0,0,0,0,-1,0,0,-1,1,0,0,-1,2,2,-10,6,1,0,-18,11,0,-1,-2,-3,1,0,0,-2
1,2,0,1,0,0,0,0,0,0,0,-1,0,0,0,-1,12,14,6,12,4,6,-2,0,1,-2,-1,-1,1,0,0,-2,0,1,0,1,1,0,0,-1,5,-4,-1,-1,1,0,-1,-1,0,1,0,1,11,-9,0,0,13,-14,-1,0,16,-10,-2,-2,1,1,0,0,0,-1,0,0,0,-1,-3,-5,2,0,-1,-3,2,1,1,2,1,0,-1,0,1,0,-11,-20,-2,-5,-13,-18,0,0,0,0,0,-1,0,0,0,0,0,-1,1,0,0,-1,2,2,-10,7,2,0,-18,10,0,-1,-2,-3,1,0,0,-2
2,2,0,0,1,0,0,0,0,-1,0,-1,0,0,0,-1,12,15,7,11,7,7,-1,-1,1,-2,-2,-2,1,-1,-1,-2,0,1,1,1,1,1,0,-1,6,-4,0,-1,1,0,-1,-2,1,4,-1,1,16,-6,0,-1,15,-12,-2,-1,16,-10,-2,-3,1,1,1,1,0,-1,0,0,0,0,-2,-4,1,0,-2,-3,1,1,1,2,1,0,-1,2,0,0,-11,-21,0,-3,-12,-20,0,0,1,0,0,0,0,0,0,0,0,-1,1,0,0,-1,2,2,-11,7,2,0,-17,11,0,0,-1,-2,2,-1,0,-2
2,3,0,1,1,0,0,-1,0,-1,0,-1,1,0,0,-1,12,15,4,9,7,6,-2,-1,1,-2,-1,-2,1,-1,0,-2,1,1,0,1,1,0,1,0,5,-2,-1,-1,1,0,-1,-1,0,5,-1,2,14,-5,0,-1,15,-10,-2,-1,16,-10,-2,-4,1,1,0,1,0,-1,0,0,0,0,-3,-4,1,0,-2,-3,1,1,1,2,1,0,-2,-2,0,0,-11,-19,1,-2,-11,-20,0,1,1,0,0,0,-1,0,0,0,-1,-1,1,0,0,-1,1,2,-12,8,2,0,-18,11,0,0,-2,-3,1,0,0,-2
2,3,0,0,1,0,0,-1,0,-1,-1,-1,1,0,0,-1,11,14,5,5,6,8,-1,0,1,-2,-1,-2,1,0,0,-1,1,1,0,0,1,1,0,0,4,-4,0,-1,1,0,-1,-1,0,3,-1,1,14,-8,0,0,14,-13,-2,0,13,-6,-1,-3,1,1,0,0,0,0,0,0,0,-1,-3,-5,2,0,-2,-3,1,1,1,1,1,0,-1,-2,0,0,-10,-21,0,-2,-12,-19,0,1,0,1,0,0,-1,1,0,0,-1,-1,1,0,0,-1,2,2,-12,9,2,0,-18,11,0,-1,-2,-3,1,0,0,-2
1,1,0,1,0,-1,0,-1,0,-1,0,-1,0,0,0,-1,12,14,4,5,7,8,-1,-1,1,-2,-1,-2,1,0,0,-2,1,1,0,0,1,1,1,-1,5,-4,0,-1,1,0,0,-2,0,3,-1,1,15,-8,0,0,14,-13,-1,-1,11,-5,-1,-2,0,1,0,0,0,0,0,0,0,0,-3,-6,1,0,-2,-3,1,1,1,1,1,0,-1,-2,0,0,-10,-22,1,-1,-14,-18,0,0,0,1,0,0,-1,0,0,0,-1,-1,1,0,0,-2,2,2,-11,7,2,0,-17,12,0,0,-2,-3,1,0,0,-2
2,3,0,0,0,0,0,-1,0,0,-1,-1,1,0,-1,-1,12,15,4,6,6,9,-1,-1,1,-2,0,-2,1,0,-1,-1,0,1,0,0,1,0,0,-1,4,-2,0,-1,1,0,0,-1,1,4,0,1,14,-6,0,0,15,-10,-1,-1,14,-7,-1,-2,1,1,1,0,0,0,0,0,0,0,-1,-2,1,0,-2,-4,1,1,1,1,0,0,-1,1,0,0,-11,-20,1,0,-12,-20,1,1,0,1,0,0,0,0,0,0,-1,-1,1,0,0,-2,2,1,-12,8,2,0,-18,11,0,0,-2,-2,2,0,0,-2
1,3,0,0,1,0,0,0,0,0,-1,-1,1,1,0,-1,10,15,6,10,6,8,-1,-1,1,-2,-1,-2,1,0,-1,-1,1,1,0,0,1,0,1,0,4,-3,-1,-1,1,0,-1,-1,-1,1,0,1,13,-8,0,0,14,-13,-2,-1,17,-10,-2,-3,0,1,0,0,0,0,0,-1,0,0,0,-3,1,0,-2,-4,1,1,1,1,1,0,-1,0,0,0,-11,-19,0,-1,-12,-20,1,1,0,1,0,0,-2,1,0,0,-1,-2,1,0,0,-2,2,2,-12,8,2,0,-18,12,0,0,-2,-1,2,0,0,-3
2,3,0,0,0,0,0,-1,0,-1,-1,-1,1,1,0,-1,11,16,5,13,7,10,-2,-1,2,-2,-2,-2,1,0,0,-2,1,1,0,1,1,0,0,0,3,-2,0,-1,1,0,-1,-1,0,3,0,1,8,-9,0,0,12,-15,-1,-1,14,-10,-1,-3,1,1,0,0,0,0,0,0,0,-1,-2,-6,1,0,-2,-3,1,1,1,2,1,0,-3,-1,0,0,-10,-21,0,-3,-12,-20,0,1,0,0,0,0,0,0,0,0,0,0,1,0,0,-1,1,2,-13,8,2,0,-18,11,0,-1,-2,-3,1,0,0,-2
3,3,0,1,0,0,0,-1,0,0,-1,-1,1,0,0,-1,13,14,7,6,6,9,-1,-1,1,-2,-1,-1,1,0,0,-1,1,1,1,1,0,0,0,-1,3,-3,0,-1,1,0,-1,-1,1,2,0,1,13,-7,0,0,13,-13,-1,-1,13,-9,-2,-3,0,1,1,1,0,0,0,0,0,0,-2,-4,1,0,-4,-7,1,1,1,1,1,0,-1,2,1,0,-11,-20,2,0,-12,-20,0,1,0,1,1,0,-2,2,0,0,-1,-1,1,0,0,-1,-2,4,-12,7,3,0,-18,12,0,-1,-2,-3,1,-1,0,-3
1,2,0,0,1,0,0,0,0,-1,-1,-1,1,1,0,-1,11,15,5,9,9,10,-2,-1,1,-2,-1,-2,1,0,-1,-2,1,1,0,1,1,0,1,0,4,-3,0,-1,1,0,0,-1,0,3,0,1,9,-7,0,0,14,-12,-1,-2,3,0,-1,-2,1,1,0,0,0,-1,0,0,0,0,-3,-5,1,0,-1,-3,1,2,1,2,2,1,-1,2,2,0,-10,-21,-5,-11,-10,-19,0,1,0,1,0,0,-2,0,0,0,-1,-1,1,0,0,-2,0,2,-14,10,2,0,-18,11,0,-1,-3,-4,1,0,0,-2
2,3,0,0,1,0,0,-1,0,0,-1,-1,1,1,0,-1,13,14,6,8,5,7,-1,-1,1,-1,-1,-2,1,0,0,-2,1,1,0,0,1,0,0,0,3,-3,0,-1,1,0,0,-1,1,3,0,1,11,-8,0,0,15,-12,-1,-1,8,-3,-1,-2,1,1,1,0,0,0,0,-1,0,0,-1,-2,1,0,-2,-5,1,1,1,1,1,1,-1,0,2,0,-12,-19,-5,-12,-11,-21,1,1,0,0,0,0,-3,1,0,0,-1,-1,1,0,0,-1,0,2,-12,7,2,0,-19,11,0,0,-2,-3,1,0,0,-2
3,3,0,1,0,-1,0,0,0,0,-1,-1,1,1,0,-1,12,15,7,10,8,12,-2,-1,1,-2,-1,-2,1,0,-1,-2,1,1,1,0,1,0,0,0,3,-2,0,-1,1,0,0,-1,0,3,0,1,7,-3,0,0,15,-10,-2,-1,16,-10,1,-4,0,1,1,0,0,0,0,-1,0,0,0,-1,1,0,0,-1,1,1,1,1,1,0,-1,0,0,0,-8,-18,-2,-5,-9,-18,0,1,0,0,0,0,-2,1,0,0,-1,-1,0,0,0,-1,2,2,-11,7,1,0,-17,12,0,0,-2,-1,1,0,0,-2
3,5,-1,1,1,0,0,0,0,0,-1,-1,1,0,0,-1,12,15,8,13,8,11,-2,-1,1,-1,-2,-2,1,-1,0,-1,1,1,1,0,0,0,1,-1,1,-2,0,-1,1,0,0,-1,1,2,0,1,4,-2,0,0,14,-11,-1,0,17,-10,2,-4,0,1,1,0,0,-1,0,-1,0,0,0,0,1,0,0,0,1,1,1,1,0,0,-1,1,1,0,-10,-18,0,-3,-12,-17,1,1,0,1,0,0,-3,2,0,0,-1,-1,1,0,-1,-1,2,2,-8,7,2,1,-19,11,0,0,-5,1,2,0,0,-3
3,5,0,1,1,0,0,0,0,0,0,-1,1,0,0,-1,11,15,7,14,9,12,-3,-1,3,-1,-2,-1,1,-1,-1,-2,1,1,1,1,0,1,0,0,4,-3,0,-1,1,0,0,-1,0,3,0,2,10,-5,0,0,14,-11,-2,-1,17,-10,1,0,0,1,0,1,0,0,0,0,0,0,0,-1,1,1,0,-2,1,1,1,1,1,0,-1,0,0,-1,-11,-18,2,0,-11,-17,1,1,1,1,0,0,-2,0,0,0,0,-1,1,0,1,-1,2,2,-9,7,1,0,-19,10,0,0,-4,1,2,0,0,-2
3,6,-1,1,1,0,0,0,0,0,-1,-1,1,0,0,0,11,16,7,14,9,12,-2,-1,1,-2,-2,-1,1,-1,0,-1,1,1,0,1,1,1,0,-1,3,-3,0,-1,1,0,0,-1,0,4,0,1,10,-5,0,0,14,-12,-1,0,16,-8,2,-3,1,1,0,0,1,0,0,-1,0,0,0,-1,1,0,1,0,1,1,1,2,1,0,-1,1,1,0,-11,-18,-2,-7,-10,-17,0,1,0,0,0,0,0,0,0,0,0,-1,1,0,0,-1,2,2,-6,7,1,0,-18,11,0,-1,-5,0,1,0,0,-2
5,5,-1,1,1,0,0,0,0,0,-1,-1,1,0,0,-1,13,15,8,15,7,11,-3,-1,1,-2,-1,-1,1,-1,-1,-1,1,1,1,1,1,0,0,0,4,-2,0,-1,1,0,0,-1,1,3,-1,1,12,-5,-1,0,15,-11,-2,-1,18,-10,0,-2,1,1,1,0,0,0,0,-1,0,0,-1,-2,1,0,1,0,1,1,1,1,1,0,-1,1,0,0,-11,-19,-1,-4,-11,-19,1,1,1,1,0,0,-2,1,0,0,-1,-1,1,0,0,-1,2,2,-9,7,2,1,-19,11,0,0,-5,0,2,0,0,-3
4,8,-1,1,1,0,0,-1,0,0,-1,-1,1,0,0,-1,11,17,7,15,10,14,-2,-2,2,-2,-2,-2,1,-1,0,-2,1,1,0,0,1,0,0,0,4,-2,0,-1,1,0,0,-1,0,3,-1,1,9,-5,0,0,15,-10,-1,0,18,-10,3,-4,0,1,0,0,0,0,0,-1,0,0,-1,-1,1,1,1,-1,1,1,1,1,1,0,-1,1,0,0,-10,-19,0,-2,-11,-18,1,1,0,0,0,0,-3,1,0,0,0,-1,1,0,0,-1,2,2,-5,3,1,0,-19,11,0,0,-5,0,2,-1,0,-2
4,6,0,0,1,0,0,0,0,0,0,-1,1,0,0,-1,11,17,8,14,9,10,-2,-1,1,-2,-2,-2,1,0,0,-1,0,1,0,0,1,0,0,0,2,-1,0,-1,1,0,0,-1,0,4,0,1,12,-6,0,-1,14,-11,-2,-1,17,-11,3,-5,1,1,1,0,0,0,0,-1,0,0,0,-1,1,0,1,0,1,1,0,1,1,0,-1,1,0,-1,-11,-18,2,0,-9,-16,1,1,0,0,0,0,0,-1,0,0,0,-1,1,0,0,-1,1,2,-6,4,1,0,-19,9,0,-1,-3,0,2,0,0,-2
2,5,0,0,1,0,0,-1,0,-1,-1,-1,1,0,0,-1,11,16,7,14,9,12,-2,-1,1,-2,-1,-2,1,-1,0,-2,1,1,0,1,1,1,0,0,4,-3,0,-1,1,0,0,-1,0,3,0,1,10,-5,0,-1,15,-11,-1,-1,17,-9,1,-2,0,1,0,1,0,0,0,0,0,0,-1,-1,1,0,1,-1,1,1,1,1,0,0,-1,1,0,0,-11,-19,0,0,-9,-15,1,1,1,0,1,0,0,0,0,0,0,-1,1,0,0,-1,2,2,-7,6,2,0,-18,9,0,0,-4,0,2,0,0,-2
3,3,0,1,1,0,0,-1,0,-1,-1,-1,1,0,0,-1,12,15,8,12,5,7,-1,-1,1,-1,-1,-1,1,0,0,-1,1,1,0,1,1,0,0,0,4,-4,0,-1,1,0,0,-1,1,4,0,1,12,-5,0,0,15,-11,-2,-1,18,-9,3,-3,0,1,1,1,1,0,0,-1,0,0,-1,-2,1,0,1,0,1,1,1,1,1,0,-1,1,0,0,-11,-19,2,-1,-10,-18,0,1,0,0,0,0,0,0,0,0,0,-1,1,0,0,-1,2,2,-8,6,1,0,-17,9,0,-1,-2,-1,2,0,0,-2
5,7,0,1,1,0,0,-1,0,0,-1,-1,1,0,0,-1,12,16,8,17,7,8,-2,-1,1,-2,-2,-3,1,-1,0,-2,1,1,0,1,1,0,0,0,4,-3,0,-1,2,0,0,-1,1,3,-1,1,11,-5,0,0,15,-11,-2,-1,18,-8,2,-4,0,1,0,1,0,0,0,0,0,0,0,-2,1,1,1,-1,1,1,1,1,1,0,-1,1,0,-1,-9,-20,2,-1,-11,-19,0,1,1,1,0,0,-1,0,0,0,0,0,1,0,0,-1,1,1,-4,1,1,0,-16,10,0,0,-2,0,1,0,0,-2
3,7,0,0,1,0,0,-1,0,0,-1,-1,1,0,0,-1,10,17,8,14,7,10,-2,-1,1,-2,-1,-2,1,0,0,-1,0,1,1,0,1,1,0,0,4,-3,0,-1,2,0,-1,-1,0,4,0,1,9,-5,0,0,15,-11,-2,-1,17,-8,5,-6,1,1,1,0,0,0,0,-1,0,0,-2,-3,1,0,1,-1,1,1,1,1,1,0,-1,1,0,-1,-10,-20,2,-1,-9,-20,1,1,1,0,0,0,0,0,0,0,0,-2,1,0,0,-2,1,2,-5,4,1,0,-18,11,0,0,-5,2,2,0,0,-2
2,5,0,1,1,0,0,-1,0,-1,-1,-1,1,0,0,-1,11,16,8,15,8,11,-3,-1,2,-3,-1,-2,1,0,0,-2,1,1,1,0,1,0,0,-1,3,-4,0,-1,2,0,0,-1,1,4,0,1,14,-6,0,-1,14,-13,-2,-1,17,-9,5,-7,0,1,0,0,0,0,1,0,0,0,0,-2,1,0,1,-1,1,1,1,1,1,0,-1,1,0,-1,-8,-20,2,0,-8,-19,0,1,1,0,0,0,0,-1,0,0,0,-1,1,0,0,-1,2,2,-7,5,2,0,-18,9,1,0,-3,-1,1,0,0,-2
4,6,0,1,1,0,0,-1,0,0,-1,-1,1,0,0,-1,12,16,7,12,8,10,-2,-1,1,-2,-2,-2,1,0,0,-1,1,1,0,1,1,1,0,-1,5,-3,0,-1,1,-1,0,-1,0,4,0,1,11,-5,0,0,15,-11,-1,-1,17,-10,5,-3,0,1,0,0,1,0,0,-1,0,0,-2,-1,1,0,-1,-2,1,1,0,1,1,0,-1,1,0,0,-11,-19,2,-1,-11,-16,1,1,1,0,0,0,0,0,0,0,0,-1,1,0,0,-1,2,2,-9,6,1,0,-17,10,0,0,-2,-2,2,0,0,-2
4,6,0,1,1,0,0,-1,0,0,-1,-1,1,0,0,-1,11,16,8,14,5,4,-1,-1,1,-2,-2,-3,1,0,0,-1,1,1,0,0,1,0,0,0,4,-3,0,-1,2,0,-1,-1,1,4,0,2,14,-5,0,0,15,-11,-2,-1,18,-8,1,-4,1,1,1,0,0,0,0,-1,0,-1,-2,-2,1,0,0,-2,1,1,1,1,1,0,0,0,0,-1,-9,-20,2,0,-11,-11,0,1,1,0,0,0,0,-1,0,0,0,-1,1,0,0,-1,2,2,-10,7,2,0,-17,11,0,0,-3,-1,2,-1,0,-2
4,7,0,1,1,0,0,0,0,0,-1,-1,1,0,0,-1,11,16,7,15,6,6,-2,-1,1,-2,-1,-2,1,0,0,-1,1,1,0,0,1,0,0,0,4,-3,0,-1,2,0,0,-1,0,4,0,1,12,-5,0,0,15,-10,-2,0,18,-8,3,-5,0,1,0,0,1,0,0,0,0,0,-2,-3,1,0,0,-1,1,1,0,1,1,0,-1,0,0,0,-10,-19,2,-1,-11,-20,0,1,1,0,0,0,0,0,0,0,0,-1,1,0,0,-1,2,2,-7,3,1,0,-16,11,0,0,-3,-1,2,0,0,-2
2,4,0,0,1,0,0,-1,0,0,-1,-1,1,0,0,-1,11,15,7,14,6,6,-2,-1,1,-2,-1,-2,1,0,0,-2,1,1,1,0,1,1,0,0,5,-4,0,-1,2,-1,0,-1,1,3,-1,1,13,-6,0,0,14,-13,-1,-1,19,-10,5,-7,0,1,0,1,0,0,0,0,0,0,-1,-3,1,0,1,-1,1,1,1,1,1,0,-1,0,0,0,-11,-20,2,-1,-11,-19,1,1,0,0,0,0,0,0,0,0,0,-1,1,0,0,-1,2,2,-8,5,1,0,-18,11,0,-1,-2,-1,2,0,0,-2
3,6,0,0,1,0,0,-1,0,0,0,-1,1,0,0,-1,11,15,8,14,8,8,-2,-1,1,-2,-1,-2,1,0,0,-2,1,1,1,0,1,1,0,0,5,-4,0,-1,1,0,0,-2,0,4,-1,1,14,-5,0,0,15,-11,-2,-1,17,-9,-1,-2,0,1,0,0,1,0,0,-1,0,0,-1,-2,1,0,1,0,1,1,0,1,1,0,-1,0,0,-1,-10,-20,2,0,-11,-19,0,1,1,0,1,0,0,-1,0,0,0,-1,1,0,0,-1,1,2,-7,4,1,0,-18,11,0,0,-2,-2,1,0,0,-2
1,2,0,0,0,0,0,-1,0,0,0,-1,1,0,0,-1,10,15,9,15,5,8,-2,-1,1,-2,-1,-2,1,0,0,-1,1,1,1,0,1,1,0,0,5,-3,0,-2,1,0,0,-1,0,5,0,1,14,-5,0,0,15,-10,-2,-1,19,-9,0,-3,1,1,1,0,0,0,0,-1,0,0,-1,-2,1,0,0,-1,1,1,1,1,1,0,-1,0,0,0,-11,-19,0,-2,-11,-18,1,1,1,0,0,0,0,-1,0,0,0,-1,1,0,0,-1,2,2,-8,6,2,0,-18,11,0,-1,-2,-2,2,0,0,-2
2,4,0,1,0,0,0,-1,0,0,0,-1,1,0,0,-1,11,15,6,15,6,8,-1,0,1,-2,-1,-2,1,0,0,-2,1,1,0,0,1,0,0,0,4,-3,0,-1,2,-1,0,-1,0,4,0,1,10,-5,0,0,15,-10,-1,-1,14,-4,-1,-2,0,1,0,0,0,0,1,0,0,0,-1,-2,1,1,-1,-1,1,2,1,1,1,0,-1,0,0,0,-10,-20,0,-3,-12,-18,0,1,0,0,0,0,-2,0,0,0,-1,-1,1,0,0,-1,3,2,-10,7,2,1,-18,11,0,0,-2,-3,1,-1,0,-2
1,3,0,0,0,0,0,-1,0,0,-1,-1,1,0,-1,-1,10,15,6,12,7,7,-2,-1,1,-2,-2,-2,1,0,0,-2,1,1,0,0,1,1,0,0,2,-3,0,-1,2,0,0,-1,1,4,0,1,14,-6,0,-1,15,-11,-1,-1,16,-8,1,-3,0,1,0,1,0,0,0,0,0,0,-1,-3,1,0,0,-1,1,1,1,1,1,0,-1,1,0,0,-10,-20,1,-1,-12,-19,1,1,0,0,0,-1,-2,0,0,-1,0,-1,1,0,0,-1,1,2,-6,1,1,0,-18,11,0,-1,-2,-2,2,0,0,-2
1,2,0,0,1,-1,0,-1,0,0,-1,-1,1,0,0,-1,11,15,7,10,7,9,-1,-1,1,-2,-1,-2,1,0,0,-1,1,1,1,0,1,1,0,0,5,-4,0,-1,1,0,0,-2,0,4,0,1,14,-6,0,0,15,-11,-1,0,17,-10,-3,-2,1,1,1,0,0,0,0,0,0,0,-1,-1,1,0,0,-1,1,1,1,1,1,0,-1,1,0,-1,-10,-19,2,0,-12,-18,1,1,1,0,0,0,0,0,0,-1,0,-1,1,0,0,-1,2,2,-8,5,1,0,-18,11,0,0,-2,-2,2,0,0,-2
2,3,0,0,1,0,0,-1,0,0,0,-1,1,0,0,-1,11,15,7,11,1,3,-2,-1,1,-1,-1,-2,1,0,0,-1,1,1,0,1,1,0,0,0,5,-3,-1,-1,1,0,0,-1,0,4,0,1,13,-5,0,0,15,-10,-1,-1,15,-7,-1,-3,1,1,0,0,0,-1,0,0,0,0,-2,-4,1,0,0,-1,1,1,1,1,1,0,-1,1,0,0,-11,-20,2,0,-10,-18,1,1,0,0,0,0,-1,0,0,0,0,-1,1,0,0,-1,2,2,-9,4,1,0,-19,11,0,0,-3,-1,1,0,0,-2
2,3,0,0,1,0,0,-1,0,0,-1,-1,1,0,0,-1,11,16,7,12,7,10,-2,-1,2,-3,-2,-2,1,0,0,-2,1,1,0,0,0,0,0,0,3,-1,0,-1,1,0,0,-1,1,3,0,1,9,-6,0,0,15,-9,-1,-1,15,-10,-2,-3,0,1,0,0,1,0,0,-1,0,0,-2,-3,1,0,0,-2,1,1,0,1,1,0,-1,0,0,0,-10,-21,2,-1,-12,-20,1,1,1,0,0,0,0,-1,0,0,0,-2,1,0,0,-1,2,2,-10,5,1,0,-18,10,0,-1,-2,-2,2,0,0,-2
3,4,0,0,0,0,0,-1,0,-1,0,0,1,0,0,-1,12,15,7,13,7,8,-2,-1,1,-2,-2,-3,1,0,0,-1,0,1,1,0,0,0,0,-1,1,-3,0,-1,1,0,0,-1,0,3,0,1,13,-7,0,0,14,-12,-2,-2,12,-3,0,0,1,1,1,0,0,0,0,0,0,0,0,-2,1,0,0,-1,1,1,1,1,1,0,-2,1,0,0,-10,-20,0,-4,-11,-20,1,1,0,0,0,0,0,1,0,0,0,-1,1,0,0,-1,2,2,-10,7,2,1,-17,11,0,0,-2,-2,2,0,0,-2
3,5,0,0,1,0,0,0,0,0,0,-1,1,0,-1,-1,11,16,4,10,6,6,-1,-1,1,-2,-1,-2,1,0,0,-2,1,1,0,1,1,1,1,0,5,-4,0,-1,1,0,-1,-1,1,3,0,1,14,-6,0,0,15,-11,-1,-1,14,-5,1,-3,0,1,1,0,0,0,1,-1,0,-1,0,-1,1,0,0,-1,1,1,1,1,0,0,-1,0,0,0,-10,-19,2,-1,-11,-19,0,1,0,0,0,0,-2,0,0,0,0,-1,1,0,0,-2,1,2,-7,3,1,0,-18,11,0,0,-2,0,2,0,0,-2
2,4,0,0,0,0,1,-1,0,0,0,-1,1,0,-1,-1,10,16,5,8,6,8,0,-1,1,-2,-1,-1,1,0,0,-1,1,1,0,0,1,0,1,-1,6,-3,0,-1,1,0,0,-2,0,4,0,1,13,-4,0,0,15,-9,-1,-1,15,-7,1,-2,1,1,1,0,0,-1,1,-1,0,0,-1,-2,1,0,-1,-2,1,1,1,1,1,0,0,-1,0,0,-11,-19,2,0,-11,-19,1,1,0,0,0,0,-1,0,0,0,0,-1,1,0,0,-2,2,2,-10,7,2,0,-18,10,0,0,-2,-1,2,0,0,-3
3,2,0,0,0,0,0,-1,0,0,0,-1,1,0,0,-1,12,15,5,6,7,10,-1,-1,2,-2,-1,-2,1,0,0,-2,1,1,1,0,1,0,0,-1,3,-1,0,-1,1,0,0,-1,0,3,0,1,11,-5,0,0,15,-10,-1,-1,16,-9,-1,-3,1,1,0,1,1,0,1,0,0,0,-2,-4,1,0,-1,-2,1,1,1,1,1,0,-1,0,0,0,-11,-19,1,-2,-11,-20,1,1,1,0,0,0,-1,1,0,0,-1,-1,1,0,0,-2,2,2,-10,7,1,0,-18,11,0,-1,-2,-2,2,-1,0,-3
4,6,-1,1,1,0,0,0,0,0,-1,-1,1,0,0,-1,11,17,7,12,7,10,-2,-1,2,-2,-2,-3,1,0,0,-2,1,1,1,0,1,0,0,0,3,-3,0,-1,1,0,0,-1,1,3,0,1,8,-5,0,0,13,-13,-1,0,16,-11,0,-3,0,1,1,0,0,0,0,0,0,-1,0,-3,1,0,0,-2,1,1,1,1,1,0,-1,0,0,-1,-8,-19,2,0,-11,-19,1,0,1,0,0,0,-1,0,0,0,0,-1,1,0,0,-2,1,2,-9,4,1,0,-18,11,0,0,-3,-1,2,0,0,-3
4,6,-1,1,1,0,0,-1,0,-1,-1,-1,1,0,0,-1,11,16,7,12,7,10,-2,-1,2,-2,-2,-2,1,0,0,-2,1,1,0,0,1,1,0,0,4,-3,0,-1,1,0,-1,-1,1,4,0,1,14,-6,0,0,15,-10,-1,0,18,-9,2,-3,1,1,1,0,0,0,0,-1,0,0,-2,-2,1,0,1,-1,1,1,1,1,1,0,-1,1,0,0,-10,-19,0,-1,-11,-19,1,1,1,0,0,0,-2,1,0,0,-1,-1,1,0,0,-1,2,2,-6,2,1,0,-18,12,0,0,-1,-2,2,0,0,-2
2,5,0,0,1,0,0,-1,0,0,-1,-1,1,0,0,-1,10,16,6,14,7,11,-2,-1,1,-2,-1,-2,1,0,0,-2,1,1,1,0,1,0,0,0,3,-2,-1,-1,1,0,0,-2,1,3,-1,1,12,-5,0,-1,14,-11,-1,0,17,-9,1,-1,0,1,1,1,0,0,0,0,0,0,-2,-3,1,1,0,-1,1,1,1,1,1,0,-1,1,0,0,-9,-20,1,-1,-10,-20,1,1,0,0,0,0,-1,1,0,0,0,-1,1,0,0,-1,2,2,-8,5,2,0,-18,11,0,0,-3,0,2,0,0,-2
3,5,0,0,1,0,0,-1,0,0,0,-1,1,0,0,-1,11,16,5,12,6,10,-2,-1,1,-2,-1,-2,1,0,0,-1,0,1,1,0,1,0,0,0,3,-2,-1,-1,1,0,0,-1,1,3,0,1,9,-5,0,0,14,-11,-1,-1,16,-10,0,-3,0,1,0,0,0,0,0,0,0,0,-2,-3,1,0,-1,-2,1,1,1,1,1,0,0,1,0,0,-9,-20,2,0,-11,-19,1,1,1,0,0,0,-1,0,0,0,0,-1,1,0,0,-2,2,2,-9,7,2,1,-18,11,0,0,-3,0,2,0,-1,-2
3,4,0,1,0,0,0,-1,0,0,0,-1,1,0,0,-1,11,15,6,9,7,12,-2,-1,1,-2,-1,-2,1,0,0,-2,1,1,1,0,0,0,0,-1,1,0,0,-1,1,0,0,-1,1,4,0,1,13,-6,0,0,15,-10,-1,-1,16,-10,0,-2,0,1,0,0,0,0,0,0,0,-1,1,0,1,0,0,-2,1,1,1,1,1,0,-1,1,0,0,-8,-18,0,-3,-10,-20,1,1,0,0,0,0,-1,1,0,0,0,-1,1,0,0,-2,2,2,-10,7,2,1,-17,12,0,0,-3,-1,2,0,0,-3
4,5,0,1,1,0,0,0,0,0,0,-1,1,0,0,-1,13,15,7,15,6,10,-2,-1,1,-2,-2,-2,1,0,0,-2,1,1,1,1,0,0,1,0,1,-1,-1,-1,1,0,0,-1,0,4,-1,1,11,-5,0,0,13,-11,-1,-1,18,-8,-1,-3,1,1,1,0,0,0,1,0,0,0,-1,-1,1,0,1,-1,1,1,0,1,1,0,-1,0,0,0,-11,-18,1,0,-9,-19,1,1,0,0,0,0,-1,1,0,0,-1,-1,1,0,0,-1,2,2,-10,7,2,0,-18,12,0,-1,-3,-2,2,0,0,-2
4,6,-1,0,1,0,0,0,0,-1,-1,-1,1,0,0,-1,12,16,8,12,7,10,-2,-1,2,-2,-1,-2,1,0,1,-2,1,1,1,0,1,0,0,-1,1,-1,0,-1,2,0,0,-1,1,3,0,1,12,-6,0,0,12,-13,-2,-1,17,-8,2,-2,0,1,1,1,0,0,0,0,0,0,0,-3,1,1,0,-1,1,1,1,1,1,0,-1,0,0,0,-8,-17,1,-1,-11,-19,1,1,0,0,0,0,-2,1,0,0,0,-1,1,0,0,-2,2,2,-7,6,2,1,-18,11,0,0,-2,-1,2,0,0,-3
3,5,0,1,1,0,0,-1,0,0,0,0,1,0,0,-1,11,15,7,15,9,12,-3,-1,2,-3,-1,-1,1,-1,0,-2,1,1,1,0,1,0,1,0,3,-3,0,0,1,0,0,-1,0,4,0,1,11,-3,0,0,14,-11,-1,-1,17,-10,3,-5,1,1,0,0,0,0,0,-1,0,-1,0,-1,1,0,-1,-1,1,2,1,1,1,0,-1,1,0,0,-10,-19,-1,-4,-11,-19,1,1,1,0,0,0,0,-1,0,0,0,-1,1,0,0,-1,2,2,-10,7,2,0,-18,10,0,0,-3,0,2,0,0,-2
2,5,0,0,1,0,0,0,0,0,-1,-1,1,0,-1,-1,11,15,7,14,9,11,-3,-1,2,-3,-2,-2,1,0,0,-2,1,1,0,0,1,1,0,0,4,-2,0,-1,2,0,-1,-1,0,3,0,1,9,-2,0,0,15,-11,-2,-1,16,-8,0,-1,1,1,1,0,0,0,0,-1,0,0,-1,-1,1,0,0,-2,1,1,1,1,0,0,0,0,0,0,-4,-17,0,0,-10,-18,1,1,1,0,0,0,0,0,0,0,0,-1,1,0,0,-1,1,2,-10,4,1,0,-18,11,0,0,-5,0,2,0,0,-2
4,6,0,0,1,0,0,-1,0,0,-1,0,1,0,0,-1,11,15,8,15,11,13,-2,-2,1,-2,-1,-1,1,-1,0,-2,1,1,1,0,0,0,0,0,4,-2,0,0,1,0,0,-1,1,3,0,1,8,-1,0,-1,15,-9,-1,0,17,-9,2,-3,0,1,0,0,0,1,0,0,0,0,0,0,1,0,1,-1,1,1,1,1,1,0,-1,0,0,0,-8,-17,-1,-3,-10,-18,1,1,0,0,0,0,-2,1,0,-1,0,-1,1,0,0,-1,1,2,-5,3,1,0,-19,11,0,0,-3,0,2,0,0,-2
5,7,0,1,1,0,0,-1,0,0,-1,-1,1,0,0,-1,12,16,7,16,8,10,-3,-1,2,-3,-1,-2,1,-1,0,-2,1,1,1,0,1,1,0,0,1,-2,0,-1,1,0,0,-1,1,2,0,1,5,-1,0,-1,14,-12,-1,0,18,-9,4,-4,0,1,0,0,0,0,0,-1,0,0,0,0,1,1,1,0,1,1,1,1,0,0,-2,0,0,0,-9,-16,1,-1,-11,-16,0,1,1,1,0,0,-3,1,0,0,-1,-1,1,0,0,-1,2,2,-6,4,1,0,-19,8,0,0,-4,1,2,0,0,-2
3,6,0,1,1,0,0,-1,0,0,-1,-1,1,0,0,-1,10,17,8,14,9,11,-2,0,2,-2,-2,-2,1,-1,0,-1,1,1,0,0,1,1,0,0,5,-3,0,-1,2,0,-1,-1,0,5,0,2,12,-5,-1,0,15,-11,-2,-1,18,-10,3,-7,1,1,1,0,0,0,0,-1,0,0,0,-1,1,0,1,0,1,1,1,1,1,0,-1,1,0,0,-9,-17,-1,-4,-11,-17,1,1,1,0,0,0,0,0,0,0,0,-1,1,0,0,-1,2,2,-5,5,1,0,-19,11,0,0,-4,1,2,0,0,-2
4,6,0,1,1,0,0,0,0,-1,-1,-1,1,0,-1,-1,11,17,6,16,10,13,-3,-1,2,-3,-2,-2,1,-1,0,-2,1,1,0,0,1,1,0,0,4,-3,-1,-1,1,0,0,-1,1,2,1,1,0,1,0,0,14,-12,-2,-2,16,-6,-2,1,1,1,1,0,0,0,0,0,0,0,0,-1,1,0,1,0,1,1,0,1,1,0,-1,1,1,0,-11,-16,-2,-5,-8,-17,1,1,1,0,0,0,-2,1,0,0,-1,-1,1,0,0,-1,2,2,-7,6,1,0,-17,12,0,0,-4,0,2,0,0,-3
5,8,-1,1,1,0,0,0,0,0,-1,-1,1,0,0,-1,13,15,7,12,8,13,-1,-1,1,-2,-1,-2,1,0,0,-2,1,1,1,0,1,1,0,0,4,-2,0,-1,2,0,0,-1,0,3,0,1,9,-4,0,-1,15,-11,-1,-1,18,-10,1,-2,0,1,0,1,0,0,0,0,0,0,0,-1,1,0,1,-1,1,1,1,1,1,0,-1,1,0,-1,-11,-18,0,-3,-10,-18,1,1,1,0,0,0,-1,1,0,0,-1,-1,1,0,0,-2,1,2,-3,3,1,0,-18,11,0,0,-3,-2,2,0,0,-2
4,7,0,1,1,0,0,-1,0,-1,-1,-1,1,0,0,-1,12,17,8,14,7,8,-2,-1,1,-2,-2,-3,1,0,0,-2,1,1,1,0,0,1,0,-1,4,-3,0,-1,1,0,0,-1,0,3,0,1,8,-2,0,0,15,-10,-2,-1,17,-11,5,-7,1,1,1,0,0,0,0,0,0,0,0,-1,1,0,1,0,1,1,1,1,0,0,-1,0,0,0,-9,-18,2,-1,-9,-18,1,1,1,0,0,0,-2,-1,0,0,0,-1,1,0,0,-2,1,2,-4,3,1,0,-19,8,0,0,-5,1,2,0,0,-2
2,7,0,1,1,0,0,0,0,0,0,-1,1,0,0,-1,10,16,8,15,9,11,-2,-1,2,-3,-1,-2,1,-1,0,-2,1,1,1,0,1,0,0,0,3,-2,0,-1,2,0,0,-1,0,2,0,1,4,-2,0,0,15,-11,-1,-1,19,-8,2,-2,1,0,1,0,0,0,0,0,0,0,0,-1,1,0,1,0,1,1,1,1,1,0,-1,0,0,0,-10,-18,2,-1,-8,-15,0,1,1,0,0,0,0,-1,0,0,0,-1,1,1,1,-1,1,2,-4,3,1,0,-17,10,0,-1,-6,1,2,0,1,-2
2,5,0,1,0,0,0,-1,0,0,0,-1,1,0,0,0,10,17,8,14,7,11,-2,-1,2,-2,-1,-1,1,0,1,-1,1,1,1,0,0,1,0,-1,2,-3,0,-1,1,0,1,-1,0,3,0,1,9,-6,0,-1,13,-13,-2,-2,17,-8,1,-2,0,1,1,0,1,0,0,-1,0,0,-1,-1,1,1,1,-1,1,1,1,1,0,0,-1,0,0,0,-11,-18,1,0,-8,-15,1,1,1,0,0,-1,0,-1,0,0,0,-1,1,0,0,-1,2,2,-6,5,1,0,-18,11,0,0,-3,0,2,0,0,-2
4,3,0,1,0,0,0,-1,0,0,-1,-1,1,0,0,-1,13,15,9,15,8,12,-3,-1,2,-2,-2,-2,1,0,0,-1,1,2,1,0,1,1,0,-1,5,-3,0,-1,1,0,0,-1,1,4,0,1,11,-5,-1,0,14,-11,-2,-1,18,-10,1,-2,0,1,1,0,0,0,0,0,0,0,-1,-2,1,0,1,0,1,1,1,1,0,0,-1,1,0,0,-10,-19,2,0,-8,-11,1,1,1,0,0,0,0,-1,0,0,0,-1,0,0,0,-1,2,2,-7,5,1,0,-16,10,0,0,-2,-2,2,0,0,-2
4,8,-1,1,1,0,0,-1,0,-1,-1,-1,1,0,0,-1,12,16,8,17,9,9,-3,0,2,-3,-2,-2,1,-1,0,-2,1,1,1,1,1,0,0,0,4,-3,0,-1,2,-1,0,-1,1,4,0,1,12,-4,0,-1,15,-11,-2,-1,18,-11,1,-3,1,1,1,0,0,-1,0,-1,0,0,0,-1,1,0,0,0,1,1,1,1,0,0,-1,1,0,0,-10,-19,0,0,-9,-5,1,1,1,0,0,0,-1,0,0,0,0,-1,1,0,0,-1,2,2,-8,7,2,1,-18,11,0,0,-5,1,2,0,0,-2
4,6,0,1,1,0,0,0,0,0,-1,-1,1,0,0,-1,10,16,8,14,8,11,-2,-1,2,-2,-1,-2,1,0,0,-1,1,1,1,0,1,0,0,0,4,-2,0,-1,2,0,0,-1,1,4,0,2,10,-3,0,0,15,-10,-2,-1,19,-10,4,-7,0,1,0,0,1,0,0,0,0,0,-1,-2,1,1,1,-1,1,1,1,1,1,0,-1,1,0,0,-10,-19,2,-1,-8,-20,1,1,1,0,0,0,0,0,0,0,0,-1,1,0,0,-1,1,2,-5,4,1,0,-18,9,0,0,-5,0,2,0,0,-2
3,5,0,1,1,0,0,0,0,0,-1,-1,1,0,0,-1,11,16,7,14,9,12,-3,-1,2,-2,-2,-2,1,0,0,-2,1,1,0,0,1,1,0,-1,4,-3,0,-1,2,0,0,-1,0,5,0,2,14,-5,-1,0,14,-11,-2,-1,17,-7,4,-5,0,1,1,0,0,0,0,-1,0,0,0,-1,1,1,1,0,1,2,1,1,1,0,-1,0,0,-1,-10,-18,2,0,-10,-18,0,1,1,0,0,0,0,-1,0,0,0,-1,1,0,0,-1,2,2,-7,6,2,0,-17,10,0,0,-3,0,1,0,0,-2
6,6,0,1,1,0,0,-1,0,0,0,-1,1,0,0,-1,13,15,9,15,8,11,-2,-1,2,-2,-1,-2,1,0,0,-2,1,1,0,0,1,1,0,0,5,-4,0,-1,2,0,0,-1,1,3,0,1,12,-5,0,-1,15,-11,-1,0,18,-7,7,-6,1,1,1,0,0,0,0,-1,-1,0,0,-1,1,0,1,0,1,1,1,1,1,0,-1,1,0,0,-10,-18,2,0,-10,-14,1,0,1,0,0,0,0,0,0,0,0,-1,1,0,0,-1,1,1,-3,0,1,0,-17,10,0,0,-2,-1,1,0,0,-2
5,8,0,1,1,0,0,-1,0,0,-1,-1,2,0,-1,-1,11,16,9,14,4,4,-1,-1,1,-2,-1,-2,1,0,0,-1,1,1,1,0,1,0,0,0,4,-3,-1,-1,3,-1,0,-1,0,5,0,1,14,-4,0,0,15,-10,-2,-1,17,-10,7,-6,0,1,0,0,1,0,0,0,0,0,0,-1,1,0,1,0,1,1,2,1,0,0,-1,1,0,0,-10,-18,2,-1,-11,-11,1,1,1,0,0,0,0,0,0,0,0,-1,1,0,0,-1,2,2,-6,2,1,0,-17,11,0,0,-3,0,1,0,0,-2
5,8,0,1,1,0,0,-1,0,-1,-1,-1,1,0,-1,-1,11,16,8,15,7,7,-1,0,2,-2,-2,-3,1,0,0,-1,0,1,1,0,1,1,0,0,4,-3,0,-1,3,-1,-1,-1,0,6,-1,1,13,-3,0,0,14,-11,-2,-1,19,-10,4,-5,0,1,1,0,0,0,0,0,0,-1,-1,-1,1,1,1,0,1,1,1,1,1,0,-1,1,1,0,-10,-20,0,-3,-11,-17,1,1,1,1,1,0,0,0,0,0,0,-1,1,0,0,-1,1,2,-6,4,1,0,-18,11,0,0,-2,-2,2,0,1,-2
2,4,0,1,1,0,0,0,0,0,0,-1,1,0,0,0,11,16,6,14,7,7,-1,0,1,-2,-1,-2,1,0,0,-1,1,1,1,1,1,0,0,0,2,-4,0,-1,3,-1,0,-1,1,4,0,1,9,-3,0,0,14,-11,-2,-1,19,-10,6,-6,1,1,1,0,0,0,0,0,0,0,-1,-1,1,0,1,0,1,1,1,1,1,0,-2,1,0,-1,-10,-19,2,-1,-12,-17,0,1,1,0,0,0,0,0,0,0,0,-1,1,0,0,-1,1,1,-4,1,1,0,-18,8,0,0,-2,-1,1,0,0,-2
2,5,0,1,1,0,0,0,0,0,0,-1,1,0,-1,-1,11,15,8,10,7,9,-2,0,1,-2,-1,-1,1,0,0,-2,1,1,1,0,1,1,0,0,5,-4,0,-1,1,0,0,-1,0,5,0,1,14,-5,0,0,13,-13,-2,0,17,-9,0,-2,1,1,1,0,0,0,0,0,0,0,0,-1,1,0,0,0,1,2,1,1,1,0,-1,0,0,0,-11,-18,2,-1,-9,-18,1,1,1,0,0,0,0,0,0,0,0,-1,1,0,0,-1,2,2,-6,5,1,0,-17,10,0,0,-2,-2,2,0,0,-2
2,4,0,1,1,0,0,-1,0,0,0,-1,1,0,0,-1,11,15,10,13,5,4,0,-1,1,-1,-1,-2,1,0,0,-2,1,2,0,0,1,1,0,-1,4,-3,-1,-1,2,0,0,-1,0,5,-1,2,14,-4,0,-1,14,-11,-2,-1,19,-9,1,-2,0,1,0,0,0,0,0,0,0,-1,-1,-1,1,1,1,-1,1,1,1,1,0,0,-1,1,0,0,-10,-18,1,-1,-11,-16,0,1,1,0,0,0,0,0,0,0,0,-1,1,0,0,-1,2,2,-8,6,1,0,-18,11,0,0,-2,-2,2,0,0,-2
3,6,-1,1,0,0,0,0,0,-1,-1,-1,1,0,-1,-1,12,15,6,15,6,7,-1,0,1,-2,-2,-2,1,0,0,-1,1,1,1,0,1,0,0,0,3,-3,0,-1,3,0,0,-1,1,3,0,1,12,-5,0,-1,15,-11,-2,-1,19,-9,2,-3,1,1,1,0,0,0,0,0,0,0,-1,-1,1,0,1,0,1,1,1,1,0,0,-1,0,0,0,-10,-19,1,0,-11,-12,1,1,1,0,0,0,-1,0,0,0,-1,-1,1,0,0,-1,1,2,-6,2,1,0,-18,11,0,0,-2,-3,2,0,-1,-2
3,5,0,1,1,0,0,0,0,0,-1,-1,1,0,-1,-1,11,17,8,14,8,9,-1,0,2,-2,-1,-2,1,0,-1,-1,1,1,1,0,1,0,0,0,3,-2,0,-1,3,-1,-1,-1,0,3,0,1,8,-4,0,-1,15,-10,-1,-1,17,-6,1,-4,1,1,1,0,0,-1,0,0,0,0,0,-1,1,0,0,-1,1,1,1,1,1,0,-1,1,0,0,-10,-18,2,0,-11,-17,1,1,0,0,0,0,0,-1,0,0,0,-1,1,0,0,-1,2,2,-7,4,1,0,-18,11,0,0,-4,0,2,0,0,-2
3,3,0,1,0,0,0,0,0,0,-1,-1,1,0,0,-1,12,16,7,13,8,11,-3,-1,2,-2,-1,-2,1,0,0,-2,1,1,0,0,1,1,0,-1,5,-3,0,-1,1,0,0,-1,0,4,0,1,12,-5,0,-1,15,-10,-2,0,17,-9,3,-6,0,1,0,1,1,0,0,0,0,0,-1,-1,1,1,1,-1,1,1,1,1,1,0,-1,0,0,0,-10,-19,2,-1,-12,-16,1,1,1,0,0,0,-1,0,0,0,0,-2,1,0,0,-1,2,2,-6,4,1,0,-19,11,0,0,-3,0,2,0,0,-2
2,6,0,1,1,0,0,0,0,0,-1,-1,1,0,-1,-1,11,16,7,14,8,11,-2,-1,2,-2,-1,-2,1,-1,0,-2,1,1,1,1,1,1,0,0,5,-4,0,-1,2,-1,0,-1,1,4,0,1,12,-4,0,-1,15,-10,-2,0,18,-10,6,-6,1,1,1,0,1,0,0,0,0,-1,-2,-2,0,0,1,0,1,2,1,1,1,0,-1,0,0,0,-10,-19,2,-1,-10,-17,1,1,1,0,0,0,0,-1,0,0,-1,-1,1,0,0,-1,2,1,-7,4,1,0,-18,9,0,0,-3,-1,2,0,0,-2
3,5,0,1,1,0,0,0,0,0,-1,-1,1,0,0,-1,12,15,9,15,8,11,-2,-1,1,-2,-2,-3,1,0,0,-2,1,1,1,0,1,0,0,-1,4,-2,-1,-1,2,0,0,-1,0,4,0,1,12,-4,0,-1,15,-10,-1,-1,17,-9,0,-2,1,1,1,0,0,0,0,0,0,0,0,-1,1,0,0,-1,1,1,1,1,1,0,-1,1,0,0,-10,-19,1,-1,-11,-18,1,1,1,0,1,0,0,0,0,0,0,-1,1,0,0,-1,1,2,-5,1,1,0,-18,10,0,0,-2,-2,2,0,0,-2
4,5,0,1,1,0,0,0,0,-1,0,-1,1,0,0,-1,12,15,8,14,8,10,-2,-1,2,-2,-2,-3,1,0,0,-2,1,1,1,0,0,0,0,0,2,-2,0,-1,1,0,0,-1,1,4,0,1,14,-6,0,0,15,-11,-2,-1,17,-10,2,-3,1,1,2,0,0,-1,0,0,0,0,0,-1,1,0,0,-1,1,1,1,1,0,0,-1,0,0,0,-9,-19,1,-1,-12,-16,1,1,1,0,0,0,-1,1,0,0,0,-1,1,0,0,-1,2,2,-8,5,2,0,-18,11,1,-1,-5,1,2,0,0,-2
4,7,0,1,1,0,0,0,0,0,-1,-1,1,0,0,-1,10,16,5,12,7,8,-2,-1,2,-2,-1,-2,1,0,0,-2,0,1,1,1,1,1,0,-1,5,-4,-1,-1,2,0,0,-1,0,4,0,1,11,-7,0,-1,13,-13,-1,-1,16,-6,2,-4,1,1,1,0,0,-1,0,0,0,0,0,-1,2,0,0,-1,1,1,1,1,1,0,-1,1,0,0,-10,-19,2,-1,-12,-16,1,1,1,0,0,-1,-1,0,0,0,0,-1,1,0,0,-1,2,1,-7,4,1,0,-18,12,0,0,-5,0,2,0,0,-2
3,5,0,1,1,0,0,0,0,-1,0,-1,1,0,-1,-1,11,17,6,11,8,10,-2,-1,2,-2,-2,-2,1,0,0,-2,1,1,1,0,1,1,0,0,5,-4,0,-2,1,0,-1,-1,1,4,0,1,13,-5,0,-1,15,-11,-2,-1,16,-9,4,-6,0,1,1,0,0,0,0,0,0,0,-1,-2,1,0,1,-1,1,1,1,1,1,0,-1,1,0,0,-10,-19,2,-1,-10,-18,1,1,1,0,0,0,-1,0,0,-1,-1,-1,1,0,0,-1,2,2,-8,7,2,0,-19,10,0,0,-3,0,2,0,0,-2
5,4,0,0,1,0,0,0,0,0,0,-1,1,0,-1,-1,13,15,6,9,7,10,-2,-1,2,-2,-1,-2,1,0,0,-2,1,1,0,0,1,1,0,0,4,-2,-1,-1,1,0,0,-2,0,3,0,1,11,-4,-1,-1,15,-9,-1,0,16,-10,5,-5,0,1,1,0,0,0,0,-1,0,0,-1,-2,1,0,1,-1,1,1,1,1,1,0,-1,1,0,0,-10,-18,2,-1,-11,-19,1,1,0,0,1,0,0,-1,0,0,0,-1,1,0,0,-2,1,2,-3,1,1,0,-17,11,0,0,-3,0,2,0,0,-2
5,8,0,1,1,0,0,0,0,0,0,-1,1,0,0,-1,12,17,5,7,4,8,-2,0,1,-2,-1,-1,1,0,0,-1,1,1,1,0,0,0,0,0,2,-2,-1,-1,1,0,0,-1,1,3,0,1,9,-3,0,-1,14,-12,-2,0,17,-10,2,-4,1,1,1,0,0,0,0,-1,0,0,0,-1,1,0,1,-1,1,1,1,1,0,0,0,0,0,0,-9,-18,2,0,-11,-17,1,1,1,0,0,0,-1,1,0,0,-1,-1,1,0,0,-2,1,2,-4,2,1,0,-18,12,0,0,-3,0,2,0,0,-2
4,8,0,1,1,0,0,0,0,-1,0,-1,1,0,0,-1,10,17,7,16,7,10,-2,-1,2,-2,-2,-3,1,-1,0,-2,1,1,0,0,1,1,0,0,4,-3,-1,-1,1,0,0,-1,1,3,0,1,10,-6,0,-1,13,-13,-2,-1,18,-10,3,-5,1,1,1,0,0,0,1,0,0,0,0,-1,1,0,1,-1,1,1,1,1,1,0,-1,0,0,0,-10,-18,2,-1,-10,-18,1,1,0,0,0,0,-1,0,0,0,0,-1,1,0,0,-1,2,2,-7,5,2,1,-19,10,0,0,-4,1,2,0,0,-3
4,6,-1,1,1,0,0,0,0,-1,0,-1,1,0,0,-1,12,15,6,14,7,10,-2,-1,2,-2,-1,-2,1,-1,0,-2,1,1,0,1,1,1,0,0,3,-2,0,-1,2,0,0,-1,1,4,0,1,12,-5,0,-1,14,-10,-2,-1,18,-10,5,-6,0,1,1,0,0,0,0,0,0,0,-1,-1,0,0,1,-1,1,1,1,1,1,0,-1,1,0,0,-10,-19,2,0,-9,-16,0,1,1,1,0,0,0,0,0,0,0,-1,1,0,0,-2,2,2,-7,4,1,0,-18,12,0,0,-5,0,2,0,0,-2
2,7,0,1,1,0,0,0,0,0,0,-2,1,0,0,-1,9,17,6,12,7,11,-2,-1,2,-2,-1,-2,1,-1,0,-2,1,1,1,0,1,0,0,0,3,-2,0,-1,2,0,0,-1,1,3,0,1,10,-3,0,0,14,-11,-1,-1,17,-8,1,-1,1,1,1,0,0,0,0,0,0,0,-2,-3,1,0,1,0,1,1,1,1,0,0,-1,0,0,0,-9,-19,1,-1,-11,-19,1,1,1,0,0,0,0,1,0,0,-1,-1,1,0,0,-1,2,2,-8,5,1,0,-18,11,1,0,-4,1,2,0,0,-2
5,6,0,1,1,0,0,0,0,0,-1,-1,1,0,0,-1,12,16,8,14,8,13,-2,-1,2,-2,-1,-2,1,-1,1,-2,1,1,1,0,1,1,0,-1,2,-1,0,-1,1,0,0,-1,1,3,0,1,7,-3,0,0,15,-11,-2,-1,17,-10,7,-8,1,1,1,0,0,-1,0,0,0,0,0,0,1,0,1,-1,1,1,1,1,1,0,-1,0,0,0,-9,-17,1,-1,-9,-19,1,1,1,0,0,0,-2,0,0,0,-1,-1,1,0,0,-1,2,2,-9,6,2,0,-18,11,0,0,-3,0,2,0,0,-3
5,9,-1,0,2,0,0,0,0,-1,-1,-1,1,0,0,-1,12,17,8,15,9,10,-1,-1,2,-3,-1,-2,1,0,0,-2,1,1,1,0,0,0,0,0,0,0,0,-1,3,-1,0,-1,1,3,0,1,5,-1,0,0,14,-10,-1,0,19,-10,5,-4,0,1,1,0,0,0,0,0,0,-1,0,-1,0,0,1,0,1,1,1,1,0,0,-1,0,0,0,-10,-17,2,0,-8,-18,1,1,0,0,0,0,-2,0,0,0,-1,-1,1,0,0,-1,2,2,-6,5,1,0,-18,11,0,-1,-5,1,2,-1,0,-3
4,8,0,1,1,0,0,0,0,0,0,-1,1,0,0,-1,11,17,9,12,8,11,0,0,2,-3,-1,-2,1,-1,0,-2,1,1,1,0,0,0,0,0,0,-1,1,-1,3,-1,0,-1,1,3,0,1,9,-3,0,-1,13,-12,-1,0,19,-10,3,-3,1,1,1,0,0,0,0,0,0,0,0,-1,1,0,1,0,1,1,1,1,1,0,-1,0,0,0,-8,-15,2,0,-10,-17,0,1,1,0,0,0,0,-1,0,0,0,-1,1,0,0,-1,2,2,-8,5,1,0,-18,11,0,0,-6,1,2,0,0,-2
5,7,0,1,1,0,0,0,0,-1,0,-1,1,0,0,-1,13,16,8,16,11,13,-1,0,2,-3,-2,-2,1,-1,0,-2,1,1,1,0,1,0,0,0,1,-1,0,-1,2,0,0,-1,1,2,0,1,2,0,0,0,12,-11,-1,-1,19,-8,5,-4,1,1,1,0,0,0,0,0,0,0,0,0,1,0,1,0,1,1,1,1,0,0,-1,0,0,0,-9,-15,0,-2,-10,-18,1,1,1,0,0,0,0,0,0,-1,0,-1,1,0,1,-2,2,2,-9,4,2,0,-18,11,0,0,-5,1,2,0,0,-3
4,7,0,1,0,0,0,0,0,-1,0,-1,1,0,0,-1,12,15,8,14,5,8,-2,-1,1,-2,-1,-2,1,0,0,-2,1,1,1,0,1,0,0,0,4,-3,0,-1,3,-1,0,-2,0,3,0,1,8,-2,0,-1,15,-11,-2,-1,19,-11,7,-7,1,1,1,0,0,0,0,0,0,-1,0,-1,1,0,1,0,1,1,1,1,0,0,0,0,0,0,-5,-16,0,0,-11,-18,1,1,1,0,0,0,-2,0,0,0,0,-1,1,0,0,-1,2,2,-1,3,1,0,-18,11,0,0,-5,1,2,0,0,-2
6,8,0,1,1,0,0,-1,0,0,0,-2,1,0,-1,-1,12,16,9,15,7,10,-2,-1,2,-2,-1,-2,1,-1,0,-2,1,1,1,0,1,0,0,0,4,-2,0,-1,2,0,0,-1,1,3,0,1,8,0,0,-1,15,-10,-2,-1,19,-10,8,-6,0,1,1,0,0,0,0,0,0,0,0,-1,1,0,1,0,1,1,1,1,1,0,-1,1,1,0,-7,-15,2,-2,-8,-18,1,1,1,1,0,0,-2,0,0,0,0,-1,1,0,1,-1,1,2,-1,2,1,0,-18,8,0,-1,-5,2,2,0,0,-2
4,9,0,1,1,0,0,-1,0,-1,0,-1,1,0,0,-1,10,17,8,15,9,12,-2,-1,2,-3,-1,-2,1,-1,0,-1,1,1,1,0,1,1,0,0,2,-1,0,-1,2,0,0,-1,1,2,1,1,5,1,0,-1,14,-11,-2,-1,18,-10,6,-5,0,1,1,0,0,1,0,0,0,0,0,-1,1,0,1,0,1,1,1,1,0,0,-1,0,0,0,-10,-15,2,0,-9,-15,0,1,1,0,0,0,0,0,0,-1,-1,-1,1,0,0,-1,1,2,-3,4,1,0,-18,10,0,0,-5,2,1,0,0,-2
4,8,0,1,1,0,0,0,0,-1,-1,-1,1,0,0,-1,12,15,8,17,9,12,-2,1,2,-3,-2,-2,1,-1,0,-2,1,2,1,0,1,0,0,0,1,-2,0,-1,3,-1,0,-1,1,2,0,1,4,2,0,0,13,-13,-2,-1,20,-10,6,-4,1,1,1,0,0,1,0,-1,0,0,0,-1,1,0,1,0,1,1,1,1,1,0,-1,1,0,0,-9,-15,0,-2,-9,-14,1,1,1,0,0,0,-1,0,0,0,-1,-1,1,0,0,-1,1,2,-5,5,1,1,-17,11,0,0,-5,1,2,-1,0,-2
5,7,0,1,1,0,0,0,0,-1,-1,-1,1,0,0,-1,12,16,8,16,9,13,-1,0,2,-3,-1,-2,1,-1,0,-2,1,1,1,0,1,0,0,0,4,-3,0,-1,3,-1,-1,-1,1,2,0,1,2,1,0,0,14,-12,-1,0,19,-8,1,0,0,1,1,0,0,0,0,0,0,0,0,-1,1,0,1,0,1,1,1,1,0,0,-1,1,0,0,-11,-15,0,0,-8,-14,1,1,1,1,0,0,-2,0,0,0,-1,-1,1,0,0,-1,2,2,1,2,1,0,-18,11,0,0,-3,0,1,0,0,-2
6,9,0,1,1,0,0,0,0,-1,-1,-1,1,0,-1,-1,12,17,8,16,10,14,-2,-2,3,-2,-1,-2,1,-1,0,-2,1,1,1,0,1,1,0,0,3,-3,0,-1,3,-1,0,-1,1,2,1,1,2,2,0,0,13,-13,-2,-1,19,-11,2,0,0,1,1,0,0,1,0,-1,0,0,0,-1,1,0,1,0,1,1,1,1,0,0,-1,1,0,0,-10,-18,2,-1,-8,-11,0,1,1,1,0,0,-2,0,0,0,-1,-1,1,0,0,-1,1,2,-1,3,1,0,-19,10,0,0,-6,2,2,0,0,-2
4,8,0,1,1,0,0,-1,0,-1,-1,-1,1,0,0,-1,11,17,8,17,9,10,-2,0,1,-2,-2,-2,1,-1,0,-1,1,1,1,0,1,0,0,-1,2,-3,0,-1,2,0,0,-1,0,3,0,1,6,-2,0,0,13,-13,-2,-1,18,-10,6,-7,1,1,1,0,0,0,0,0,0,0,0,-1,1,0,1,0,1,1,1,1,0,0,-1,1,0,0,-8,-16,2,0,-8,-17,0,1,1,0,0,0,0,0,0,0,0,-1,1,0,0,-1,1,2,-2,2,1,0,-18,10,0,0,-7,2,2,0,0,-2
4,8,0,1,1,0,0,0,0,-1,-1,-1,1,0,0,-1,11,16,9,15,9,12,-1,-1,2,-3,-2,-2,1,-1,0,-2,1,1,1,0,1,0,0,0,2,-2,0,-1,3,-1,0,-2,1,3,0,1,6,-1,0,0,14,-11,-1,-1,19,-11,6,-7,1,1,1,0,0,0,0,0,0,0,-1,-1,1,0,1,-1,1,1,1,1,1,0,-1,1,1,0,-9,-16,2,-1,-8,-13,1,1,1,0,0,0,0,0,0,0,0,-1,1,0,0,-1,1,2,-4,4,1,0,-18,10,0,0,-6,1,2,0,0,-2
3,7,0,1,1,0,0,0,0,0,-1,-1,1,0,0,-1,11,16,8,17,9,13,-1,0,2,-3,-1,-1,1,-1,0,-2,1,1,1,0,0,0,0,0,2,-2,-1,-1,3,0,-1,-1,0,3,0,1,9,-4,0,-1,13,-12,-2,-1,18,-8,7,-8,0,1,1,0,0,0,0,0,0,0,0,-1,1,0,1,0,1,1,1,1,1,0,-1,0,0,0,-11,-15,2,0,-7,-13,1,1,1,0,0,0,0,0,0,0,-1,-1,1,0,0,-1,1,2,-5,3,1,0,-17,10,0,0,-3,0,1,0,0,-2
5,9,0,1,2,0,0,-1,0,0,-1,-1,1,0,0,-1,13,16,10,16,9,13,-1,0,2,-2,-2,-2,1,-1,0,-2,0,1,1,1,1,0,0,0,3,-3,0,-2,3,-1,-1,-1,0,3,0,1,8,-3,0,0,12,-13,-1,-1,19,-8,3,0,1,1,1,0,0,0,0,0,0,0,0,-1,1,0,1,0,1,1,1,1,1,0,-1,1,0,0,-10,-18,2,0,-8,-10,0,1,1,0,0,0,0,0,0,0,0,-1,1,0,0,-1,2,2,-6,4,1,0,-18,11,0,0,-6,2,2,0,0,-2
6,9,0,1,1,0,0,0,0,-1,-1,-1,1,0,0,-1,12,16,8,17,10,10,-1,0,2,-3,-2,-1,1,-1,0,-2,1,1,1,1,1,0,0,0,4,-2,0,-1,3,-1,-1,-1,0,3,1,1,9,-3,-1,0,14,-10,-2,-1,19,-11,6,-4,1,1,1,0,0,0,0,0,0,0,0,-1,1,0,1,0,1,1,1,1,0,0,-1,1,0,0,-10,-18,2,0,-8,-7,1,1,1,0,0,0,0,0,0,0,0,-1,1,0,0,0,1,2,-3,4,1,0,-18,10,0,0,-6,3,2,0,0,-2
4,9,0,1,1,0,0,0,0,-1,-1,-1,1,0,0,-1,10,17,9,15,9,12,0,-1,2,-3,-2,-2,1,-1,0,-1,1,1,1,1,1,0,0,0,4,-3,-1,-1,4,-1,0,-1,0,4,0,1,9,-3,0,0,15,-11,-2,-1,19,-9,6,-7,0,1,1,0,0,0,0,0,0,0,0,-1,1,0,1,-1,1,1,1,1,0,0,-1,0,0,0,-10,-18,2,0,-8,-18,0,1,1,0,0,0,0,0,0,0,0,-1,1,0,0,-2,1,2,-5,4,1,0,-16,9,0,0,-5,0,2,0,0,-2
4,7,0,1,1,0,0,0,0,-1,-1,-1,1,0,0,-2,12,17,9,15,8,10,-1,0,1,-2,-1,-2,1,-1,0,-2,1,1,1,0,1,0,0,0,3,-2,0,-1,3,-2,0,-2,0,3,0,1,7,-1,0,-1,15,-10,-2,-1,19,-10,6,-6,0,1,1,0,0,0,0,0,0,0,0,-1,1,0,1,-1,1,1,1,1,0,0,-1,1,0,0,-9,-18,2,0,-8,-16,0,1,1,0,0,0,0,0,0,0,0,0,1,0,0,-2,1,2,-6,4,1,0,-17,10,0,0,-3,-1,1,0,0,-2
6,10,0,1,2,0,0,-1,0,-1,0,-1,2,0,-1,-2,13,16,9,16,9,12,-3,-1,2,-3,-1,-2,1,-1,0,-2,1,1,1,1,1,1,0,0,4,-3,0,-1,3,0,0,-2,0,5,-1,2,12,-3,-1,0,14,-10,-2,-1,19,-7,8,-7,1,1,1,0,1,0,0,0,0,0,-1,-1,1,0,1,-1,1,1,1,1,1,0,-1,1,0,0,-10,-18,2,0,-9,-12,0,1,1,0,0,0,0,0,0,0,-1,-1,1,0,0,-2,2,1,-2,1,1,0,-17,10,0,0,-5,1,2,0,0,-2
6,9,0,2,2,0,0,-1,0,-1,-1,-1,1,0,0,-2,13,16,10,17,5,5,-3,-1,1,-2,-1,-2,1,0,0,-2,1,1,1,0,1,0,0,-1,4,-4,0,-1,3,0,0,-2,0,4,0,1,12,-3,0,0,12,-14,-2,-1,19,-9,10,-5,1,1,1,0,0,0,0,-1,0,0,0,-1,1,0,1,0,1,1,1,1,0,0,-1,1,1,0,-10,-18,2,0,-10,-9,0,1,1,0,0,0,0,0,0,0,0,-1,1,0,-1,-1,1,2,-4,3,1,0,-18,11,0,0,-2,-2,2,0,0,-2
5,10,0,1,1,0,0,-1,0,-1,0,-1,1,0,-1,-1,10,17,10,17,7,7,0,2,1,-2,-1,-2,1,-1,0,-2,0,1,1,0,1,1,0,0,3,-3,0,-1,4,0,0,-1,0,4,0,1,10,-2,-1,0,14,-11,-1,-1,20,-9,6,-4,0,1,1,0,0,0,1,0,0,0,-1,-1,1,0,1,0,1,1,0,1,1,0,-1,0,0,0,-10,-19,2,0,-11,-16,1,0,1,0,1,0,0,0,0,0,0,-1,1,0,0,-1,1,1,-2,2,1,0,-18,8,0,0,-5,1,2,0,0,-2
4,6,0,1,1,0,0,0,0,0,-1,-1,1,0,-1,-1,12,15,9,15,8,9,0,2,1,-2,-2,-2,1,-1,0,-1,1,1,1,0,1,1,0,0,4,-3,0,-2,4,-1,0,-1,1,3,0,1,9,-2,0,0,15,-10,-1,-1,20,-9,7,-6,0,1,1,0,0,0,0,0,0,0,0,0,1,0,1,-1,1,1,1,1,1,0,-1,1,0,0,-11,-18,2,0,-11,-16,0,1,1,0,0,0,0,0,0,0,0,-1,1,0,1,-1,1,2,-3,3,1,0,-18,10,0,0,-4,-1,2,0,0,-2
5,6,0,1,1,0,0,0,0,-1,-1,-1,1,0,0,-1,12,16,8,12,9,10,0,0,1,-2,-1,-2,1,-1,0,-2,1,1,1,0,1,1,0,0,4,-3,-1,-1,4,-1,0,-1,1,2,0,1,6,-1,0,0,14,-11,-1,-1,19,-6,7,1,0,1,1,0,1,1,0,0,0,0,0,-1,1,0,1,0,1,1,1,1,1,0,-1,1,0,0,-9,-16,2,0,-8,-16,1,1,1,0,0,0,0,0,0,0,-1,-1,1,0,1,-1,1,1,-1,1,1,0,-18,11,0,0,-2,-2,2,0,0,-2
3,6,1,1,1,0,0,0,0,0,0,-1,1,0,0,-1,11,15,10,17,9,11,0,1,2,-2,-2,-2,1,-1,0,-2,1,1,1,0,1,0,0,0,4,-3,0,-1,2,0,0,-1,1,2,0,1,3,1,0,0,12,-14,-1,-1,19,-10,2,0,1,1,1,0,0,0,0,0,0,0,0,-1,1,0,1,0,1,1,1,1,1,0,-1,1,0,0,-10,-18,2,0,-9,-14,1,1,1,0,0,0,-1,0,0,0,-1,-1,1,0,0,-1,1,2,-3,2,1,0,-18,11,0,0,-2,-1,2,0,0,-2
3,8,0,0,1,0,0,0,0,0,-1,0,1,0,-1,-1,8,17,9,15,7,8,1,0,1,-2,-2,-2,1,-1,0,-2,0,1,1,1,1,0,0,0,3,-3,0,-1,3,-2,0,-1,0,2,1,1,2,1,0,0,10,-15,-1,0,19,-10,5,-5,0,0,1,0,0,0,0,0,0,0,0,-1,1,0,1,0,1,1,1,1,1,0,-1,0,0,0,-9,-18,2,0,-10,-16,0,1,1,0,0,0,0,0,0,0,0,-1,1,0,0,-1,1,2,-5,4,1,0,-18,10,1,0,-5,1,2,0,0,-2
3,7,0,1,1,0,0,0,0,-1,0,-1,1,0,-1,-1,10,16,8,14,9,11,0,2,2,-3,-1,-1,1,-1,0,-2,1,1,1,0,1,1,0,0,3,-2,0,-1,5,-1,-1,-2,1,2,0,1,1,2,0,0,15,-11,-2,-1,20,-10,6,-8,1,1,1,0,0,0,0,0,0,0,0,-1,1,0,1,0,1,1,1,1,0,0,-1,1,0,0,-10,-18,2,0,-11,-16,0,1,1,1,0,0,0,0,0,0,-1,-1,1,0,0,-2,1,2,-1,1,1,0,-18,11,0,0,-5,1,2,0,0,-3
4,6,0,1,1,0,0,0,0,0,-1,-1,1,0,-1,-1,12,16,8,14,10,13,-2,0,2,-3,-1,-1,1,-1,0,-2,1,1,1,0,1,0,0,0,2,-2,0,-1,5,-1,-1,-2,1,3,0,1,5,-1,0,-1,14,-11,-1,-1,19,-8,4,-5,0,1,1,0,0,1,0,0,0,0,0,-1,1,0,1,-1,1,1,1,1,1,0,-1,0,0,0,-10,-18,2,0,-10,-14,1,1,1,0,0,0,0,0,0,0,0,-1,1,0,0,-1,1,2,-3,2,1,0,-18,8,0,0,-5,0,2,0,0,-2
5,7,0,1,1,0,0,0,0,0,0,-1,1,0,0,-1,12,16,8,14,6,10,-2,-1,1,-2,-1,-2,1,0,0,-2,1,1,1,0,1,0,0,0,4,-3,0,-2,3,-1,0,-1,1,2,1,1,2,1,0,0,12,-14,-1,-1,20,-8,6,-8,1,1,1,0,0,0,0,0,0,0,0,0,1,0,1,-1,1,1,1,1,0,0,-1,1,0,0,-10,-18,2,0,-9,-16,1,1,1,0,0,0,0,0,0,0,0,-1,1,0,0,-1,1,1,1,-1,1,0,-17,11,0,0,-2,-1,2,0,0,-2
5,7,0,1,1,0,0,0,0,0,-1,-1,1,0,0,-1,13,15,10,15,6,9,-2,-1,1,-2,-2,-2,1,0,0,-2,1,1,1,0,1,1,0,0,5,-3,0,-1,4,-2,0,-1,1,2,1,1,1,1,0,0,15,-10,-2,0,19,-10,8,-8,1,1,1,0,0,0,0,0,0,0,-1,-1,1,0,1,0,1,1,1,1,0,0,-1,0,0,0,-10,-18,2,0,-10,-17,1,1,1,0,0,0,0,-1,0,0,0,0,1,0,0,-1,1,2,-2,2,1,0,-18,11,0,0,-6,2,1,0,0,-2
5,9,0,1,1,0,0,0,0,-1,-1,-1,1,0,0,-1,11,17,8,16,10,12,-1,1,2,-3,-2,-1,1,-1,0,-2,1,1,1,0,1,1,0,0,3,-2,0,0,3,0,0,-1,1,3,0,1,9,-2,0,0,15,-10,-2,-1,17,-10,4,-2,0,1,1,0,0,0,0,0,0,0,0,-1,1,0,1,0,1,1,1,1,1,0,-1,1,0,0,-9,-18,2,0,-10,-16,0,1,1,0,0,0,0,0,0,0,0,-1,1,0,0,-1,2,2,-4,4,1,0,-18,11,0,0,-7,1,2,0,0,-2
5,9,0,1,1,0,0,0,0,-1,-1,-1,1,0,0,-1,11,17,7,14,8,10,-2,0,1,-3,-1,-2,1,-1,0,-2,1,1,1,0,0,0,0,0,0,-1,0,-1,3,-1,-1,-1,0,3,0,1,6,-1,0,0,15,-11,-2,-1,18,-12,5,-5,1,1,1,0,0,1,0,-1,0,0,0,-1,1,0,1,0,1,1,1,1,1,0,-1,1,0,0,-10,-17,2,0,-10,-15,1,1,1,0,0,0,0,0,0,0,0,-1,1,0,0,-1,1,2,-4,3,1,0,-18,11,0,0,-6,1,2,0,0,-2
4,7,0,1,1,0,0,-1,0,0,-1,-1,1,0,-1,-1,12,17,6,12,8,11,-3,-1,2,-3,-2,-2,1,-1,0,-2,1,1,1,0,1,1,0,0,4,-3,0,-1,2,1,0,-1,1,3,0,1,5,1,0,-1,15,-11,-1,0,18,-7,6,-4,0,1,1,0,0,0,0,0,0,0,0,-1,1,0,1,0,1,1,1,1,1,0,-1,1,0,0,-10,-18,2,0,-8,-16,1,1,1,0,0,0,0,0,0,0,0,-1,1,0,0,-1,1,1,1,1,1,0,-17,11,0,0,-5,2,2,0,0,-2
6,6,0,1,0,0,0,0,0,0,-1,-1,1,0,0,-1,15,15,8,16,3,5,-2,0,1,-2,-2,-1,1,0,0,-2,1,1,0,0,1,1,0,0,4,-3,0,-1,1,0,0,-1,0,3,0,1,10,-3,0,0,15,-11,-2,0,17,-9,7,-7,1,1,1,0,0,0,0,0,0,0,0,-2,1,0,1,0,1,1,1,1,1,0,-1,1,0,0,-10,-18,2,0,-10,-16,1,1,1,0,0,0,0,0,0,0,0,0,1,0,0,-2,1,2,-1,2,1,0,-18,10,0,0,-3,0,2,0,0,-2
6,10,0,1,2,0,0,-1,0,-1,-1,-1,1,0,-1,-1,12,16,10,17,3,6,-2,-1,1,-1,-2,-1,1,0,0,-2,0,1,1,0,0,0,0,0,3,-2,0,-2,1,0,0,-1,0,3,0,1,7,-3,0,0,14,-10,-2,-1,18,-10,9,-7,0,1,1,0,0,0,0,0,0,0,0,-1,1,0,1,0,1,1,1,1,1,0,0,0,0,0,-8,-18,2,0,-9,-16,0,1,1,0,0,0,0,-1,0,0,0,-1,1,0,0,-1,1,2,-2,3,1,0,-18,10,0,0,-6,1,2,0,0,-2
5,8,0,1,1,0,0,0,0,-1,-1,-2,1,0,-1,-1,11,17,7,17,6,10,-3,-1,2,-3,-1,-2,1,-1,0,-2,1,1,1,0,0,0,0,0,0,-1,0,-1,2,0,0,-1,1,3,0,1,6,-2,-1,-1,14,-11,-1,0,18,-11,5,-5,1,1,1,0,0,0,0,0,0,0,0,-1,1,0,1,0,1,1,1,1,0,0,-1,1,0,0,-9,-16,2,0,-11,-16,1,1,1,0,0,0,0,0,0,0,0,-1,1,0,0,-1,1,2,-4,3,1,0,-18,11,0,0,-5,1,2,0,0,-2
5,9,0,1,1,0,0,-1,0,0,-1,-1,1,0,0,-1,12,17,7,15,8,11,-1,1,2,-3,-1,-2,1,-1,1,-2,1,1,1,0,1,0,0,0,3,-3,-1,-1,3,-1,-1,-1,0,3,0,1,9,-4,0,0,14,-10,-2,-1,18,-11,6,-6,1,1,1,0,0,0,0,0,0,0,0,-1,1,0,1,0,1,1,1,1,0,0,-1,0,0,0,-12,-15,2,0,-8,-15,0,1,1,0,0,0,0,0,0,-1,0,-1,1,0,0,-1,1,2,-4,3,1,0,-18,11,0,0,-5,2,1,0,0,-2
5,8,1,1,1,0,0,0,0,-1,-1,-1,1,0,0,-1,11,17,8,14,9,13,-2,0,2,-3,-1,-2,1,-1,0,-2,0,1,1,0,1,1,0,0,3,-2,0,-1,3,-2,0,-1,0,3,0,1,10,-3,0,0,12,-12,-1,0,19,-11,8,-9,0,1,1,0,0,0,0,0,0,0,0,-1,1,0,1,0,1,1,1,1,1,0,-1,0,0,0,-10,-18,2,0,-9,-18,0,0,1,0,1,0,-1,0,0,-1,-1,-1,1,0,0,-1,1,1,-1,2,1,0,-18,11,0,0,-5,1,2,0,0,-2
6,9,0,1,1,0,0,-1,0,-1,-1,-1,1,0,0,-2,12,16,10,15,4,8,-3,-1,1,-2,-1,-2,1,0,0,-2,1,1,1,0,1,0,0,0,3,-2,0,-1,1,1,0,-1,0,3,0,1,8,-2,0,0,15,-11,-2,-1,19,-10,5,-2,0,1,1,0,0,0,0,0,0,0,0,-1,1,0,1,0,1,1,1,1,0,0,0,0,0,0,-7,-16,2,0,-10,-17,0,1,1,0,0,0,0,0,0,0,0,-1,1,0,0,-1,2,2,-3,4,1,0,-18,11,0,0,-2,1,2,0,0,-2
6,10,0,1,1,0,0,-1,0,-1,0,-1,1,0,0,-1,12,17,9,16,7,9,1,0,2,-2,0,-1,1,0,0,-1,1,1,1,0,0,0,0,0,2,-1,0,-1,3,-1,0,-1,1,3,0,1,6,-1,0,0,14,-10,-2,0,19,-11,7,-5,0,1,1,0,0,0,0,0,0,0,0,-1,1,0,1,0,1,1,1,1,1,0,-1,0,0,0,-9,-15,2,0,-9,-16,0,1,1,0,0,0,0,0,0,-1,0,-1,1,0,0,-1,2,2,-5,4,1,0,-18,9,0,0,-6,1,2,0,0,-2
6,9,0,1,1,0,0,0,0,-1,-1,-1,1,0,0,-1,11,17,9,18,10,12,0,1,3,-3,-2,-1,1,-1,0,-2,1,1,1,0,0,1,1,0,0,0,0,-1,5,-1,0,-1,1,2,0,1,3,1,0,0,14,-10,-2,-1,20,-9,8,-8,0,1,1,0,0,0,0,0,0,0,0,-1,1,0,1,0,1,1,1,1,1,0,-1,0,0,0,-8,-15,2,0,-8,-15,1,1,1,0,0,0,0,0,0,0,0,-1,1,0,0,-1,1,2,1,2,1,1,-18,11,0,0,-6,1,2,0,0,-2
5,9,0,1,1,0,0,-1,0,-1,-1,-1,1,0,0,-1,11,17,9,15,7,10,0,1,2,-2,-1,-2,1,-1,0,-2,1,1,1,1,0,1,0,0,0,-1,0,-1,4,-2,0,-1,1,2,1,1,2,3,0,0,13,-11,-2,0,19,-10,7,-5,0,1,1,0,0,0,0,0,0,0,0,-1,1,0,0,0,1,1,1,1,1,0,0,0,0,0,-8,-14,2,0,-8,-13,0,1,1,0,0,0,0,0,0,-1,0,-1,1,0,0,-1,1,1,1,2,1,0,-17,11,0,-1,-5,1,2,0,0,-2
6,8,0,1,1,0,0,0,0,-1,0,-1,1,0,-1,-1,13,15,9,13,6,9,1,3,2,-2,-1,-2,1,-1,0,-2,1,1,1,0,0,0,0,0,0,-1,0,-1,4,0,0,-1,1,2,0,1,2,2,0,0,11,-10,-2,-1,20,-10,8,-7,0,1,1,0,0,1,0,0,0,0,0,0,1,0,1,0,1,1,1,1,0,0,-1,1,0,0,-9,-17,2,0,-10,-17,1,1,1,0,0,0,-1,0,0,0,0,-1,1,0,0,-1,1,2,1,2,1,0,-18,11,0,0,-6,2,2,0,0,-2
6,10,1,2,1,0,0,-1,0,-1,-1,-1,1,0,0,-2,13,17,9,18,10,11,-2,0,2,-3,-1,-1,1,-1,0,-2,1,1,1,1,1,1,0,0,3,-3,0,-1,4,-2,0,-1,1,2,1,1,2,1,0,0,9,-10,-1,-1,21,-8,10,-7,0,1,1,0,0,1,0,0,0,0,0,-1,1,0,1,0,1,1,1,1,0,0,0,0,0,0,-6,-14,2,0,-8,-16,1,1,1,0,0,1,0,0,0,0,0,-1,1,0,0,-1,2,1,0,2,1,0,-18,7,0,0,-5,2,1,0,1,-2
5,9,0,1,1,0,0,-1,0,-1,-1,-1,1,0,0,-1,11,17,10,16,9,11,-1,1,2,-3,-1,-2,1,-1,0,-2,1,1,1,0,1,1,0,0,3,-2,0,-1,3,-1,0,-1,1,2,0,1,5,2,0,0,14,-10,-2,-1,19,-10,10,-8,0,1,1,0,0,1,0,0,0,0,0,-1,1,0,1,0,1,1,1,1,0,0,-1,0,0,0,-8,-14,2,0,-8,-14,1,1,1,0,0,1,0,0,0,0,0,-1,1,0,0,-1,1,2,-2,3,1,0,-17,10,0,0,-6,1,2,0,0,-2
5,9,0,1,2,0,0,-1,0,-1,-1,-1,1,0,0,-1,12,17,9,19,10,13,-1,2,2,-3,-1,-1,1,-1,0,-2,1,1,1,0,0,0,0,0,1,-1,0,-1,3,-1,0,-1,1,2,1,1,3,3,0,0,15,-10,-2,-1,19,-10,9,-6,1,1,1,0,0,0,0,0,0,0,0,-1,1,0,1,0,1,1,1,1,1,0,0,0,0,0,-9,-14,2,0,-8,-13,1,1,1,0,0,0,0,0,0,-1,-1,-1,1,0,0,-1,1,2,1,2,1,0,-16,13,0,0,-5,1,2,0,0,-2
6,9,0,1,1,0,0,0,0,-1,0,-1,1,0,0,-1,13,16,9,17,9,14,0,0,2,-3,-1,-2,1,-1,0,-2,1,1,1,1,1,1,0,0,0,-2,0,-1,5,-2,0,-1,1,2,1,1,3,3,0,0,13,-12,-1,-1,21,-10,8,-6,1,1,1,1,0,0,1,0,0,0,-1,-2,1,0,1,0,1,1,1,1,0,0,0,0,0,0,-9,-14,2,0,-6,-13,1,1,1,1,0,0,-1,1,0,0,-1,-1,1,0,0,-1,1,2,1,3,1,0,-18,11,0,0,-7,2,2,0,0,-2
6,11,1,2,2,1,-1,-1,0,-1,-1,-1,1,0,0,-1,12,17,10,22,11,14,-2,2,2,-3,-2,-2,1,-2,0,-2,1,1,1,1,1,1,0,0,3,-3,0,-1,5,-1,0,-1,1,2,1,1,3,2,0,0,12,-12,-1,-1,21,-9,10,-7,0,0,1,1,0,0,1,0,0,0,0,-1,1,1,1,0,1,1,1,1,0,0,-1,1,0,0,-9,-15,2,0,-8,-14,1,0,1,0,0,0,0,0,0,0,0,-1,1,0,0,-1,1,1,1,2,1,0,-17,8,0,0,-5,3,2,0,0,-2
6,9,0,1,1,0,0,0,0,-1,-1,-1,1,0,-1,-1,12,17,10,17,9,11,-1,2,2,-3,-1,-2,1,-1,0,-2,1,1,1,1,1,1,0,0,3,-2,0,-1,4,-2,0,-1,1,2,1,2,4,3,0,0,13,-13,0,-2,20,-10,11,-11,1,1,2,1,0,0,0,0,0,0,0,-1,1,0,1,-1,1,1,2,1,0,0,-1,1,0,0,-9,-16,2,0,-8,-15,1,1,1,1,0,0,0,0,0,0,0,-1,1,0,0,-1,1,1,0,2,0,0,-17,10,0,-1,-6,2,2,0,0,-3
4,9,1,1,1,0,0,-1,0,-1,0,0,1,0,0,-1,10,17,10,17,9,13,-1,-1,2,-3,0,-1,1,0,0,-2,1,1,1,0,1,1,2,0,2,-2,0,-1,3,-1,0,-1,1,2,0,1,2,2,0,0,9,-13,-2,-1,19,-11,9,-5,1,1,1,0,0,0,2,-1,0,0,0,0,2,0,1,0,1,1,1,1,0,0,0,0,0,0,-8,-16,2,0,-6,-13,0,1,1,0,0,0,2,-1,0,0,0,-1,1,0,0,-1,1,1,0,1,1,0,-16,10,0,0,-5,1,2,0,0,-2
6,9,1,1,1,0,0,0,0,0,0,-1,1,0,0,-1,13,16,10,19,9,13,1,1,2,-3,-2,-2,1,-1,0,-2,1,1,1,0,1,1,1,0,2,-2,0,-1,5,-2,0,-1,1,2,1,1,3,2,0,0,14,-10,-2,-1,21,-10,10,-8,1,1,1,0,0,1,1,0,0,0,0,-1,1,0,1,0,1,1,1,1,0,0,0,1,0,0,-11,-14,2,0,-6,-11,1,1,1,0,0,0,1,0,0,0,0,-1,1,0,1,-1,1,1,1,2,1,0,-15,10,0,0,-3,2,2,0,0,-2
7,10,1,2,1,0,0,-1,0,-1,-1,-1,1,0,0,-1,13,15,10,20,9,10,0,2,2,-3,-2,-2,1,-1,0,-2,1,1,1,1,1,1,1,0,4,-3,0,-1,4,-2,0,-1,1,3,0,1,7,-2,0,0,13,-13,0,0,21,-10,10,-8,1,1,1,0,0,1,1,0,0,0,0,-1,1,0,1,0,1,1,1,1,1,0,0,0,0,0,-9,-17,2,0,-6,-8,1,1,1,0,0,0,1,0,0,0,0,-1,1,0,0,-1,1,2,0,2,1,0,-17,10,0,0,-8,2,2,0,0,-2
7,11,1,2,2,0,0,-1,0,-1,-1,-1,1,0,0,-1,12,16,10,19,10,11,0,-1,2,-3,-1,-1,1,-1,-1,-2,1,1,1,0,1,1,1,0,4,-3,0,-1,4,0,0,-1,1,2,1,1,2,2,1,0,11,-13,-1,-1,20,-9,11,-8,1,1,1,1,0,1,1,0,0,0,0,0,1,0,1,-1,1,1,1,1,1,0,0,0,0,0,-8,-18,2,0,-8,-16,1,1,1,0,0,0,1,0,0,0,0,-1,1,0,0,-1,1,1,-1,1,0,0,-16,7,0,0,-5,0,2,0,0,-2
3,9,1,1,1,0,0,0,0,-1,-1,-1,1,0,0,-1,10,18,9,17,7,10,1,3,1,-2,-1,-2,1,-1,0,-2,1,1,1,1,1,1,1,0,3,-2,0,-1,5,-2,0,-2,1,3,0,1,6,0,0,0,14,-12,-1,-2,19,-11,8,-4,1,1,1,1,0,0,1,0,0,0,-1,-1,1,0,1,0,1,2,2,1,1,0,0,0,0,0,-9,-16,2,0,-8,-15,1,1,1,1,0,0,1,0,0,0,0,-1,1,0,0,-1,1,2,1,2,1,0,-15,10,0,0,-4,1,2,0,0,-2
6,9,1,2,1,0,0,-1,0,-1,0,-1,1,0,-1,-1,13,16,10,17,4,0,1,3,1,-1,-2,-2,1,0,0,-1,1,1,1,1,1,1,1,0,4,-2,0,-1,6,-2,0,-2,0,3,0,2,7,0,0,0,15,-11,-2,0,19,-10,9,-7,0,1,1,1,0,0,1,0,0,0,0,-1,1,0,1,0,1,1,2,1,0,0,0,0,0,0,-7,-15,2,0,-7,-14,0,1,2,1,0,0,1,0,0,0,0,-1,1,0,0,-2,1,1,1,2,1,0,-16,9,0,0,-6,2,2,0,0,-2
7,11,2,3,2,0,0,-1,0,-1,-1,-1,1,0,0,-1,13,17,11,18,4,3,-1,1,1,-2,-1,-1,1,0,0,-1,1,1,1,1,1,1,1,0,2,-2,0,-1,5,-2,0,-2,1,2,1,1,3,2,0,0,15,-10,-2,-1,21,-9,10,-7,0,1,1,1,0,0,0,0,0,0,0,-1,1,1,1,0,1,1,1,1,0,0,-1,0,0,0,-10,-15,2,0,-7,-12,0,1,2,1,0,0,1,0,0,0,0,-1,1,0,0,-1,1,2,-1,2,0,0,-17,11,0,0,-3,0,2,0,0,-2
7,12,2,3,2,0,0,-1,0,-1,-1,-1,1,0,0,-1,13,15,12,18,7,6,2,5,1,-2,-1,-2,1,-1,0,-2,0,0,1,1,0,1,1,0,0,-2,0,-1,6,-2,0,-2,0,2,1,1,3,2,0,0,13,-12,0,-1,20,-8,11,-8,0,0,2,1,0,1,1,0,0,0,0,-1,1,0,1,-1,1,1,2,1,0,0,0,0,0,0,-9,-16,2,0,-8,-7,0,0,1,0,0,0,1,0,0,0,0,-1,1,0,0,0,2,1,1,3,0,0,-18,11,0,0,-6,1,2,0,0,-1
4,9,1,2,1,0,0,0,0,0,-1,-1,1,0,0,0,11,17,10,17,8,8,2,4,1,-3,-1,-2,1,-1,0,-1,1,1,1,1,0,1,0,0,4,-3,-1,-1,4,-1,0,-1,1,0,2,0,0,1,1,0,0,-6,0,-1,21,-9,13,-8,1,1,2,0,0,1,1,0,0,0,0,-1,1,0,1,0,1,1,2,1,0,0,0,0,0,0,-9,-16,2,0,-8,-14,0,1,1,1,0,1,1,-1,0,0,0,-1,1,0,0,-1,1,1,1,2,1,0,-17,8,0,0,-4,0,2,0,0,-2
5,9,2,2,2,0,0,-1,0,-1,-1,-1,1,0,0,-1,13,16,10,16,9,10,1,3,1,-3,-2,-2,1,-1,0,-2,1,1,1,1,1,1,1,0,2,-3,0,-1,5,-3,-1,-1,1,2,1,1,3,3,0,0,14,-11,0,0,19,-11,9,-5,1,1,1,1,0,0,1,0,0,0,-1,-1,1,0,1,0,1,1,1,1,0,0,0,0,0,0,-9,-16,2,0,-8,-14,1,1,2,0,0,0,1,0,0,0,0,-1,1,0,0,-1,1,2,0,2,1,0,-16,10,0,0,-3,-1,2,0,0,-1
4,9,2,3,2,0,0,0,0,-1,-1,-1,1,0,0,-1,11,17,12,19,8,10,0,1,2,-3,-2,-2,1,-1,0,-2,1,1,1,0,1,1,1,0,3,-2,0,-1,7,-2,-1,-2,1,3,0,1,5,2,0,0,15,-11,-2,0,20,-10,10,-8,0,1,1,1,0,0,0,0,0,0,-1,-1,1,0,1,0,1,1,1,1,1,0,0,0,0,0,-8,-15,2,0,-8,-14,0,1,1,0,0,0,1,0,0,0,0,-1,1,0,1,-1,1,1,1,2,1,0,-16,11,0,0,-1,-1,2,0,1,-2
5,7,2,3,1,0,0,0,0,0,0,-1,1,0,1,-1,12,16,12,17,7,7,-1,0,1,-2,-2,-3,1,-1,0,-2,1,1,1,1,1,1,0,0,3,-3,0,-1,4,2,0,-1,1,2,0,1,3,2,0,0,14,-12,0,-3,21,-8,13,-9,1,1,1,0,0,1,1,0,0,0,0,-1,1,0,1,0,1,2,1,1,0,0,0,0,0,0,-8,-16,2,0,-6,-13,1,1,1,0,0,1,0,0,0,0,0,-1,1,0,1,-1,1,2,1,2,1,0,-18,11,0,0,-3,1,2,0,1,-2
4,9,1,2,1,0,0,-1,0,-1,-1,-1,1,0,0,-1,10,17,10,17,9,10,2,3,2,-3,-1,-2,1,-1,0,-2,1,1,1,0,1,1,1,0,4,-2,0,-1,4,-2,0,-1,1,1,0,1,0,1,0,0,3,-9,0,-4,20,-10,14,-9,1,1,1,1,0,0,1,0,0,0,0,-1,1,0,1,0,2,1,1,1,0,0,0,0,0,-1,-9,-16,2,0,-7,-9,1,1,1,0,0,0,1,0,0,0,0,-1,1,0,0,-1,1,2,1,2,1,0,-17,11,0,0,-5,2,2,0,0,-2
5,10,0,1,1,0,0,-1,0,-1,-1,-1,1,0,0,-1,11,17,10,15,10,12,2,4,2,-3,-2,-1,1,-1,0,-2,1,1,1,1,1,1,1,0,2,-2,0,-1,6,-3,0,-1,1,2,1,1,3,2,1,0,11,-13,2,-2,21,-11,5,0,0,1,1,0,0,0,1,0,0,0,0,0,1,0,1,0,1,1,1,1,0,0,0,1,0,0,-9,-16,2,0,-8,-15,1,1,1,0,0,0,1,0,0,0,0,-1,1,0,0,-1,1,1,-1,2,1,0,-17,10,0,0,-6,2,2,0,0,-2
6,8,0,1,1,0,0,-1,0,0,-1,-1,1,0,0,-1,13,16,10,15,9,12,0,1,2,-3,-1,-1,1,-1,0,-2,1,1,1,0,1,1,0,-1,2,-2,0,-1,7,-3,0,-2,1,2,1,1,3,2,0,0,15,-11,-2,0,21,-10,8,-8,0,1,1,0,0,1,0,-1,0,0,0,-1,1,0,1,0,1,1,1,1,1,0,0,0,0,0,-8,-16,2,0,-8,-14,1,1,1,0,0,1,0,0,0,0,0,-1,1,0,0,-1,1,2,1,2,1,0,-16,9,0,0,-4,1,2,0,0,-2
6,9,1,1,1,0,0,-1,0,-1,-1,-1,1,0,0,-1,12,16,9,15,10,14,-1,-1,2,-3,-1,-2,1,-1,0,-1,1,1,1,0,0,0,1,0,1,-1,0,-1,7,-2,-1,-1,1,2,1,1,3,3,0,0,13,-11,0,-3,22,-7,9,-6,1,1,2,0,0,0,1,0,0,0,0,0,1,0,1,0,1,1,1,1,1,0,-1,0,0,0,-9,-16,2,0,-8,-14,1,1,1,0,0,0,0,0,0,0,0,0,1,0,1,-1,1,2,1,2,1,0,-17,11,0,0,-1,2,2,0,0,-2
6,9,1,2,1,0,0,-1,0,0,-1,-1,1,0,0,-1,13,16,11,18,4,5,-1,1,1,-1,-1,-2,1,0,0,-1,1,1,1,0,1,1,1,0,3,-3,0,-1,4,-2,0,-2,1,2,1,1,2,2,0,0,12,-13,0,0,20,-11,9,-8,1,1,1,0,0,0,0,0,0,0,-1,-1,1,0,1,0,1,1,1,1,1,0,-1,0,0,-1,-9,-16,2,0,-8,-11,1,1,1,0,0,0,1,0,0,0,0,-1,1,0,0,0,1,2,1,2,1,0,-18,11,0,0,-6,2,2,0,1,-2
6,10,0,1,2,0,0,-1,0,-1,-1,-2,1,0,0,0,13,16,8,16,7,8,1,2,2,-2,-1,-2,1,0,0,-1,1,1,1,1,1,1,1,0,3,-3,0,-1,6,-3,0,-1,1,2,1,1,2,3,0,0,14,-10,0,-2,20,-10,12,-9,1,1,1,0,0,0,0,0,0,0,0,-1,1,1,1,0,1,1,1,1,0,0,0,1,0,0,-9,-16,2,0,-8,-14,1,1,1,0,0,0,1,0,0,0,0,-1,1,0,1,-1,1,2,1,2,1,0,-18,10,0,0,-6,2,2,0,0,-2
5,10,0,1,2,0,0,0,0,-1,-1,-1,1,0,0,-1,11,17,9,15,8,10,0,2,1,-3,-1,-2,1,-1,0,-2,1,1,1,1,0,1,1,0,2,-2,0,-1,2,-1,0,-1,1,2,1,1,3,2,0,0,14,-10,-1,-1,19,-10,8,-5,1,1,1,0,0,0,1,0,0,0,0,0,1,0,1,0,1,1,1,1,1,0,0,0,0,0,-8,-16,2,0,-8,-14,1,1,1,0,0,1,0,0,0,0,-1,-1,1,0,0,-1,1,1,1,2,1,0,-17,8,0,0,-6,2,2,0,0,-2
6,9,0,1,1,0,0,-1,0,-1,-1,-1,1,0,0,-1,13,16,9,13,4,2,0,0,1,-2,0,-2,1,0,0,-1,1,1,1,0,0,1,0,0,0,-1,0,-1,5,-3,0,-1,1,2,0,1,3,2,0,0,14,-11,-1,-1,20,-11,9,-5,1,1,1,0,0,0,1,0,0,0,0,-1,1,0,1,-1,1,1,1,1,1,0,0,0,0,0,-8,-15,2,0,-7,-15,1,1,1,0,0,0,1,0,0,0,0,-1,1,0,0,-1,1,2,1,2,1,0,-17,11,0,0,-5,0,2,0,0,-2
8,7,1,3,1,0,0,-1,0,0,0,-1,1,0,0,-1,16,13,11,21,3,4,-2,0,1,-2,-1,-2,1,0,0,-2,1,1,1,1,0,0,1,0,3,-3,-1,-1,4,-1,0,-1,1,2,1,1,3,2,0,0,13,-13,-1,-1,20,-8,10,-6,1,1,1,1,0,0,0,-1,0,0,0,-1,1,0,1,0,1,1,1,1,0,0,0,0,0,0,-10,-16,2,0,-8,-10,1,1,1,0,0,0,0,0,0,0,0,-1,1,0,0,-1,1,1,1,2,1,1,-18,10,0,0,-7,2,2,0,0,-2
7,11,2,4,2,0,0,-1,0,-1,-1,-2,1,0,-1,-1,13,17,10,19,6,9,-2,-1,1,-3,-1,-1,1,-1,0,-2,0,1,1,0,1,1,0,0,3,-3,-1,-1,2,0,0,-1,1,2,0,1,3,2,0,0,10,-13,0,-1,20,-9,11,-9,1,1,1,0,0,0,0,-1,0,0,0,-1,1,1,1,0,1,1,1,1,1,0,0,0,0,0,-8,-15,2,0,-7,-14,0,0,1,0,0,0,0,0,0,0,0,0,1,0,0,-1,1,1,1,2,1,0,-18,10,0,0,-6,2,2,0,1,-2
6,10,0,2,1,0,0,-1,0,0,0,-1,1,0,1,-1,12,17,8,19,7,10,-2,0,2,-3,-1,-2,1,0,0,-2,1,1,1,0,0,1,0,0,2,-2,0,-1,3,-1,0,-1,1,2,1,1,2,2,0,0,13,-9,0,-1,19,-9,12,-8,0,1,1,0,0,1,0,0,0,0,0,0,1,1,1,0,1,1,1,1,0,0,0,0,0,0,-6,-15,2,0,-8,-9,1,1,1,0,0,1,0,0,0,0,0,-1,1,0,0,-1,1,1,0,2,1,1,-17,10,0,0,-6,2,2,0,0,-2
6,11,0,1,2,1,0,-1,0,0,-1,-1,1,0,0,-1,11,18,8,16,7,10,1,3,1,-3,-1,-2,1,0,0,-1,1,1,1,0,0,0,1,0,0,-1,0,-1,3,-1,0,-1,1,2,0,1,3,1,0,0,13,-11,-1,-1,18,-11,8,-5,1,1,2,0,0,0,1,0,0,0,0,0,1,0,1,0,1,1,2,1,1,0,-1,1,0,0,-8,-16,2,0,-6,-14,1,1,1,0,0,0,1,0,0,0,0,-1,1,0,1,-1,1,1,1,2,1,1,-17,11,0,0,-6,1,1,0,0,-2
6,10,2,3,1,0,0,-1,0,-1,-1,-1,1,0,0,-1,12,17,9,14,9,13,0,1,2,-3,-1,-2,1,0,0,-1,1,1,1,0,1,1,0,0,2,-1,0,-1,5,-2,0,-1,1,2,0,1,3,2,0,0,12,-11,-1,0,20,-11,10,-8,1,1,1,0,0,0,0,-1,0,0,0,-1,1,0,1,0,1,1,1,1,1,0,0,0,0,0,-9,-16,2,0,-6,-13,1,1,1,0,0,0,1,-1,0,0,0,-1,1,0,1,-1,1,2,1,2,1,0,-18,10,0,-1,-3,2,2,0,0,-2
7,11,2,3,2,0,0,-1,0,0,0,-1,1,0,0,-1,12,17,11,16,5,9,-2,0,2,-3,0,-2,1,-1,0,-1,1,1,1,0,0,0,1,0,2,-1,0,0,5,-2,0,-1,1,2,1,1,2,3,0,0,14,-11,0,-1,19,-11,10,-11,0,1,2,0,0,0,0,-1,0,0,0,-1,1,0,1,0,1,2,1,1,1,0,-1,0,0,0,-9,-17,2,0,-8,-13,1,1,1,0,0,1,0,-1,0,0,0,-1,1,0,0,-1,1,2,0,3,1,0,-18,9,0,0,-7,3,2,0,0,-2
8,11,2,3,2,1,0,-1,0,0,-1,-1,1,0,0,-1,13,17,12,14,9,11,2,6,2,-3,-1,-2,1,-1,0,-2,1,1,1,0,0,1,1,1,1,-2,0,-1,4,-1,0,-1,1,3,1,1,2,2,0,0,7,-10,0,0,20,-10,13,-8,1,1,1,0,0,0,1,0,0,0,0,-1,1,0,1,0,1,1,1,1,0,0,-1,1,0,0,-8,-13,2,0,-8,-15,1,1,1,0,0,0,0,0,0,0,0,-1,1,0,0,-1,1,1,1,2,1,0,-18,10,0,0,-6,2,2,0,0,-2
6,10,1,2,2,0,-1,0,0,0,-1,-1,1,0,1,-1,12,16,9,20,11,13,1,4,3,-4,-1,-1,1,-1,0,-2,1,1,1,1,0,1,0,0,0,0,0,-1,5,-2,0,-1,1,3,1,1,3,2,0,0,14,-10,-1,0,19,-11,10,-7,1,1,1,1,0,0,0,0,0,0,0,-1,1,0,1,0,1,1,1,1,1,0,-1,0,0,0,-7,-14,2,0,-7,-13,1,1,1,1,0,0,1,0,0,0,0,-1,1,0,1,-1,1,2,1,2,1,1,-17,11,0,0,-6,2,2,0,0,-2
6,11,0,2,1,0,0,0,0,0,0,-1,1,0,0,-1,12,17,9,17,10,13,1,4,2,-3,-2,-2,1,-1,0,-2,1,1,1,1,0,1,0,0,0,0,0,0,6,-2,0,-1,1,2,1,1,3,2,-1,0,14,-9,0,-1,21,-10,11,-9,1,1,2,0,0,1,0,0,0,0,0,0,1,0,1,-1,1,1,1,1,0,0,-1,0,0,0,-6,-12,2,0,-7,-11,1,1,1,0,0,0,0,0,0,0,0,-1,1,0,0,-1,1,2,1,2,1,0,-17,10,0,0,-7,3,2,0,0,-2
7,11,2,3,2,1,1,-1,0,0,-1,-1,1,0,0,-1,13,17,10,14,10,14,2,1,2,-3,-1,-2,1,-1,0,-2,1,1,1,0,0,1,2,-1,0,0,1,0,5,-1,0,-2,1,2,1,1,3,2,2,0,12,-9,-1,-2,21,-10,10,-6,1,1,1,0,0,1,2,-1,0,0,0,-1,1,0,1,0,1,1,1,1,1,0,1,0,0,0,-9,-15,2,0,-9,-13,1,1,1,1,0,1,0,0,0,0,-1,-1,1,0,0,-1,1,1,1,2,1,0,-17,5,0,0,-7,2,2,0,0,-2
